server,run,chunks,wall_seconds,chunks_per_second,reported_seconds,reported_chunks_per_second,cpu_seconds,average_cpu_cores,peak_rss_bytes
steel,1,10201,3.961831258,2574.8194043856474,3.96,2577.4,119.41,30.140102448553098,1920602112
fabric-c2me,1,10201,18.909204495999997,539.472720925827,,,256.78999999999996,13.580158808601421,3487961088
fabric,1,10201,74.55005175299999,136.83424437850238,,,326.7,4.38229072036631,2394607616
fabric-c2me,2,10201,18.786027415999996,543.0099602277725,,,253.5,13.494071651577327,3511595008
fabric,2,10201,74.15528472399998,137.56268400785328,,,315.5,4.254585511663338,2961686528
steel,2,10201,3.979174470000004,2563.5970669061894,3.98,2566,119.61,30.05899864451027,1917550592
fabric,3,10201,74.98740279200001,136.03618234779412,,,322.21999999999997,4.2969884007554375,2674180096
steel,3,10201,3.9611017870000182,2575.293579548693,3.96,2577.8,119.35,30.130505707198946,1921110016
fabric-c2me,3,10201,19.592695650999985,520.6532159590482,,,278.71,14.225199276536253,3598749696
