server,run,phase,monotonic_seconds,benchmark_seconds,cpu_seconds,rss_bytes
steel,1,benchmark,0.251235822,0,3.16,137383936
steel,1,benchmark,0.360846624,0.10961080200000001,5.87,271097856
steel,1,benchmark,0.619529098,0.368293276,13.92,436740096
steel,1,benchmark,0.874194018,0.6229581959999999,21.58,566919168
steel,1,benchmark,1.129306028,0.8780702060000001,29.52,668348416
steel,1,benchmark,1.382398686,1.131162864,37.21,790302720
steel,1,benchmark,1.634336651,1.383100829,44.91,921817088
steel,1,benchmark,1.886238144,1.635002322,52.64,1045819392
steel,1,benchmark,2.141292611,1.890056789,60.42,1151438848
steel,1,benchmark,2.389310566,2.138074744,67.84,1278914560
steel,1,benchmark,2.642131801,2.390895979,75.62,1347866624
steel,1,benchmark,2.903610744,2.652374922,82.94,1497747456
steel,1,benchmark,3.184657034,2.9334212120000003,91.6,1592086528
steel,1,benchmark,3.434172917,3.182937095,99.4,1695506432
steel,1,benchmark,3.684608783,3.433372961,106.88,1780101120
steel,1,benchmark,3.938196033,3.686960211,114.26,1841655808
steel,1,benchmark,4.190175879,3.938940057,122.02,1917358080
steel,1,benchmark,4.21306708,3.961831258,122.57,1920602112
steel,1,startup,4.438898146,4.187662324,122.86,1922535424
steel,1,startup,4.688825788,4.437589966,123.16,1922375680
steel,1,startup,4.938985061,4.687749239,123.46,1922441216
steel,1,startup,5.189257489,4.938021667,123.77,1919950848
steel,1,startup,5.439459864,5.188224042,124.06,1920069632
steel,1,startup,5.689641947,5.438406125,124.37,1918357504
steel,1,startup,5.939845972,5.68861015,124.67,1918529536
steel,1,startup,6.190174402,5.93893858,124.97,1918103552
steel,1,startup,6.440355416,6.189119594,125.2,1918672896
steel,1,startup,6.691375068,6.440139246,125.2,1918672896
steel,1,startup,6.942118218,6.690882396,125.2,1918672896
steel,1,startup,7.192764142,6.94152832,125.2,1918672896
fabric-c2me,1,startup,12.720110123,,0.69,127680512
fabric-c2me,1,startup,12.970283155,,1.45,200888320
fabric-c2me,1,startup,13.220359654,,2.51,419774464
fabric-c2me,1,startup,13.470515175,,4.2,536428544
fabric-c2me,1,startup,13.72117616,,5.3,552271872
fabric-c2me,1,startup,13.971124942,,6.46,577359872
fabric-c2me,1,startup,14.2220683,,7.97,609247232
fabric-c2me,1,startup,14.472113897,,9.89,734597120
fabric-c2me,1,startup,14.7220997,,10.79,757055488
fabric-c2me,1,startup,14.972522674,,11.73,802258944
fabric-c2me,1,startup,15.222742509,,12.72,813056000
fabric-c2me,1,startup,15.472858049,,13.27,927633408
fabric-c2me,1,startup,15.724184664,,15.89,996708352
fabric-c2me,1,startup,15.974248311,,17.91,1010327552
fabric-c2me,1,startup,16.224456335,,19.31,1023541248
fabric-c2me,1,startup,16.475238485,,20.61,994590720
fabric-c2me,1,startup,16.729207162,,25.46,1005424640
fabric-c2me,1,startup,16.978989946,,28.72,1016729600
fabric-c2me,1,startup,17.229265813,,31.65,1021333504
fabric-c2me,1,benchmark,17.41592261,0,32.78,1029574656
fabric-c2me,1,benchmark,17.479823243,0.06390063299999937,33.88,1055035392
fabric-c2me,1,benchmark,17.730419974,0.31449736400000106,38.98,1150472192
fabric-c2me,1,benchmark,17.981130341,0.565207731000001,43.79,1168883712
fabric-c2me,1,benchmark,18.232646015,0.8167234050000012,48.74,1175707648
fabric-c2me,1,benchmark,18.483351221,1.0674286110000004,54.48,1315733504
fabric-c2me,1,benchmark,18.733382817,1.3174602069999999,59.81,1321263104
fabric-c2me,1,benchmark,18.983890494,1.5679678840000015,64.86,1329545216
fabric-c2me,1,benchmark,19.234358459,1.818435849,69.04,2075205632
fabric-c2me,1,benchmark,19.486476241,2.0705536309999992,72.67,2135089152
fabric-c2me,1,benchmark,19.73549412,2.3195715099999994,77.42,2147270656
fabric-c2me,1,benchmark,19.985390829,2.569468219000001,81.78,2458718208
fabric-c2me,1,benchmark,20.236280224,2.8203576140000024,85.95,2462412800
fabric-c2me,1,benchmark,20.486638074,3.070715463999999,89.98,2252660736
fabric-c2me,1,benchmark,20.737131721,3.3212091110000017,93.78,2544496640
fabric-c2me,1,benchmark,20.987793715,3.5718711049999996,97.37,2545160192
fabric-c2me,1,benchmark,21.237734756,3.821812145999999,101.78,2545872896
fabric-c2me,1,benchmark,21.48817448,4.072251870000002,105.56,2883588096
fabric-c2me,1,benchmark,21.738539681,4.322617071,109.5,2887335936
fabric-c2me,1,benchmark,21.988778085,4.572855475000001,113.47,2887958528
fabric-c2me,1,benchmark,22.238992539,4.8230699290000025,115.37,3187871744
fabric-c2me,1,benchmark,22.489209783,5.073287173000001,116.16,3191529472
fabric-c2me,1,benchmark,22.739964981,5.324042371000001,118.53,3193856000
fabric-c2me,1,benchmark,22.990118622,5.574196012000002,122.11,3195125760
fabric-c2me,1,benchmark,23.241049188,5.8251265780000026,125.78,3198074880
fabric-c2me,1,benchmark,23.492518209,6.076595599000001,129.68,3199508480
fabric-c2me,1,benchmark,23.741284026,6.325361416,133.04,3199766528
fabric-c2me,1,benchmark,23.991772762,6.575850152000001,136.08,3199987712
fabric-c2me,1,benchmark,24.242024807,6.826102197000001,139.52,3200397312
fabric-c2me,1,benchmark,24.492341875,7.076419265000002,142.21,3200618496
fabric-c2me,1,benchmark,24.743160407,7.327237797000002,144.75,3200815104
fabric-c2me,1,benchmark,24.992810364,7.576887754000001,147.73,3438694400
fabric-c2me,1,benchmark,25.242814358,7.826891748000001,150.22,3441254400
fabric-c2me,1,benchmark,25.493399058,8.077476448000002,153.85,3445911552
fabric-c2me,1,benchmark,25.743778559,8.327855949,157.2,3446259712
fabric-c2me,1,benchmark,25.995071842,8.579149232000002,160.48,3446431744
fabric-c2me,1,benchmark,26.244400984,8.828478374,162.5,3446468608
fabric-c2me,1,benchmark,26.494684331,9.078761721,165.8,3446665216
fabric-c2me,1,benchmark,26.74504125,9.32911864,169.18,3447980032
fabric-c2me,1,benchmark,26.995461613,9.579539003,172.74,3448483840
fabric-c2me,1,benchmark,27.245575842,9.829653232000002,176.3,3449208832
fabric-c2me,1,benchmark,27.496195383,10.080272773,179.83,3449663488
fabric-c2me,1,benchmark,27.746429467,10.330506857,182.52,3449778176
fabric-c2me,1,benchmark,27.996707683,10.580785073000001,185.86,3449921536
fabric-c2me,1,benchmark,28.246938957,10.831016347000002,188.76,3450208256
fabric-c2me,1,benchmark,28.497522217,11.081599607000001,191.79,3455000576
fabric-c2me,1,benchmark,28.747931869,11.332009259,195.13,3458195456
fabric-c2me,1,benchmark,28.997843658,11.581921048000002,198.12,3458654208
fabric-c2me,1,benchmark,29.248427798,11.832505188000003,201.78,3464609792
fabric-c2me,1,benchmark,29.498752086,12.082829476,205.19,3464900608
fabric-c2me,1,benchmark,29.749177429,12.333254819,208.34,3465035776
fabric-c2me,1,benchmark,29.999745448,12.583822838,211.61,3465261056
fabric-c2me,1,benchmark,30.250003543,12.834080933,215.11,3465814016
fabric-c2me,1,benchmark,30.50074578,13.08482317,218.42,3465961472
fabric-c2me,1,benchmark,30.750865778,13.334943168000002,221.69,3465936896
fabric-c2me,1,benchmark,31.001397046,13.585474436000002,224.84,3466022912
fabric-c2me,1,benchmark,31.251288734,13.835366124,228.18,3466330112
fabric-c2me,1,benchmark,31.502102374,14.086179764,231.56,3466485760
fabric-c2me,1,benchmark,31.755280703,14.339358093000001,234.94,3466752000
fabric-c2me,1,benchmark,32.005344358,14.589421748000003,237.87,3466838016
fabric-c2me,1,benchmark,32.256766827,14.840844217,240.61,3466993664
fabric-c2me,1,benchmark,32.506963208,15.091040598000003,243.36,3467317248
fabric-c2me,1,benchmark,32.757549168,15.341626557999998,246.53,3467476992
fabric-c2me,1,benchmark,33.008108357,15.592185746999998,249.79,3467628544
fabric-c2me,1,benchmark,33.258055517,15.842132907000003,252.14,3467743232
fabric-c2me,1,benchmark,33.508260849,16.092338239000004,254.61,3467878400
fabric-c2me,1,benchmark,33.758862739,16.342940129000002,257.79,3467976704
fabric-c2me,1,benchmark,34.009311283,16.593388673000003,261.27,3476267008
fabric-c2me,1,benchmark,34.259268993,16.843346383,263.05,3476340736
fabric-c2me,1,benchmark,34.510042061,17.094119451,265.93,3476815872
fabric-c2me,1,benchmark,34.760027513,17.344104902999998,269.23,3476946944
fabric-c2me,1,benchmark,35.011245952,17.595323342000004,272.31,3479797760
fabric-c2me,1,benchmark,35.261605421,17.845682811,276.02,3482607616
fabric-c2me,1,benchmark,35.511541681,18.095619070999998,279.63,3484135424
fabric-c2me,1,benchmark,35.761846847,18.345924237000002,282.73,3487342592
fabric-c2me,1,benchmark,36.012386634,18.596464024000003,286,3487547392
fabric-c2me,1,benchmark,36.262578196,18.846655586,289.11,3487924224
fabric-c2me,1,benchmark,36.325127106,18.909204495999997,289.57,3487961088
fabric-c2me,1,startup,36.5130618,19.097139190000004,290.24,3483844608
fabric-c2me,1,startup,36.763317614,19.347395004000003,290.25,0
fabric,1,startup,42.134101125,,0.64,111194112
fabric,1,startup,42.383888387,,1.51,169287680
fabric,1,startup,42.634441814,,2.61,389849088
fabric,1,startup,42.884710448,,3.82,494608384
fabric,1,startup,43.13491971,,4.99,508743680
fabric,1,startup,43.385625074,,6.07,556765184
fabric,1,startup,43.636037375,,7.52,569303040
fabric,1,startup,43.886228676,,9.24,687226880
fabric,1,startup,44.136439907,,10.44,725798912
fabric,1,startup,44.386872169,,11.26,740753408
fabric,1,startup,44.637250748,,12.33,783392768
fabric,1,startup,44.887312562,,13.27,796610560
fabric,1,startup,45.137863109,,14.4,833728512
fabric,1,startup,45.388164125,,18.06,866992128
fabric,1,startup,45.638440059,,19.4,892145664
fabric,1,startup,45.898085503,,22.42,902062080
fabric,1,startup,46.143642641,,29.54,906522624
fabric,1,startup,46.39686344,,34.03,911712256
fabric,1,startup,46.644887531,,38.66,912060416
fabric,1,startup,46.894704164,,39.91,916172800
fabric,1,benchmark,46.94407789,0,40.12,919187456
fabric,1,benchmark,47.150844648,0.20676675800000055,43.1,955195392
fabric,1,benchmark,47.419495285,0.4754173950000009,51.01,992354304
fabric,1,benchmark,47.666937089,0.7228591989999984,55.26,993816576
fabric,1,benchmark,47.917454254,0.9733763639999964,56.6,1043791872
fabric,1,benchmark,48.167647224,1.223569333999997,57.65,1150693376
fabric,1,benchmark,48.417907618,1.4738297279999983,58.64,1154953216
fabric,1,benchmark,48.66836514,1.7242872499999962,59.73,1157292032
fabric,1,benchmark,48.918699727,1.9746218370000008,61.73,1163034624
fabric,1,benchmark,49.169095457,2.2250175669999948,62.72,1165766656
fabric,1,benchmark,49.419456804,2.4753789139999967,64.58,1167855616
fabric,1,benchmark,49.669641874,2.725563983999997,65.79,1169293312
fabric,1,benchmark,49.920104247,2.976026356999995,66.93,1170309120
fabric,1,benchmark,50.171625328,3.227547437999995,68.51,1178288128
fabric,1,benchmark,50.420604972,3.476527081999997,70.48,1183772672
fabric,1,benchmark,50.670820043,3.7267421529999964,72.01,1184456704
fabric,1,benchmark,50.920831595,3.976753705,72.5,1184534528
fabric,1,benchmark,51.171142601,4.227064710999997,73.53,1195352064
fabric,1,benchmark,51.421426665,4.477348774999996,74.73,1195573248
fabric,1,benchmark,51.671810843,4.727732953,75.26,1198542848
fabric,1,benchmark,51.927307967,4.983230076999995,79.74,1418559488
fabric,1,benchmark,52.173114745,5.229036854999997,80.98,1442750464
fabric,1,benchmark,52.42318264,5.479104749999998,81.59,1442828288
fabric,1,benchmark,52.673782358,5.729704467999994,82.96,1444933632
fabric,1,benchmark,52.924043141,5.979965250999996,84.6,1448488960
fabric,1,benchmark,53.174376697,6.230298806999997,85.57,1448767488
fabric,1,benchmark,53.426134409,6.482056518999997,87.21,1448996864
fabric,1,benchmark,53.675574224,6.731496333999999,88.55,1449177088
fabric,1,benchmark,53.925749533,6.9816716429999985,90.41,1449574400
fabric,1,benchmark,54.175862699,7.231784808999997,90.9,1554743296
fabric,1,benchmark,54.426180085,7.482102194999996,92.37,2030911488
fabric,1,benchmark,54.676571814,7.732493923999996,94.02,2118889472
fabric,1,benchmark,54.926749013,7.982671122999996,95.18,2119110656
fabric,1,benchmark,55.176797186,8.232719295999999,96.03,2119200768
fabric,1,benchmark,55.427023527,8.482945637,96.62,2119225344
fabric,1,benchmark,55.677251748,8.733173858,97.91,2119348224
fabric,1,benchmark,55.927572454,8.983494563999997,99.17,2119512064
fabric,1,benchmark,56.177980883,9.233902992999994,100.18,2119553024
fabric,1,benchmark,56.428319869,9.484241978999997,101.09,2119725056
fabric,1,benchmark,56.67852595,9.734448059999998,102.35,2119962624
fabric,1,benchmark,56.928799633,9.984721742999994,102.91,2120065024
fabric,1,benchmark,57.179054455,10.234976564999997,103.95,2125885440
fabric,1,benchmark,57.42936229,10.485284399999998,104.79,2125922304
fabric,1,benchmark,57.679694746,10.735616856,105.89,2125971456
fabric,1,benchmark,57.929955918,10.985878027999995,106.26,2125975552
fabric,1,benchmark,58.180143737,11.236065846999999,107.6,2126020608
fabric,1,benchmark,58.430563417,11.486485527,107.86,2126020608
fabric,1,benchmark,58.68084422,11.736766329999995,108.5,2126061568
fabric,1,benchmark,58.931395126,11.987317235999996,109.54,2126143488
fabric,1,benchmark,59.181706301,12.237628410999996,110.72,2126249984
fabric,1,benchmark,59.432056588,12.487978698,111.31,2126311424
fabric,1,benchmark,59.682240667,12.738162777,112.43,2126483456
fabric,1,benchmark,59.932655696,12.988577805999995,113.41,2126536704
fabric,1,benchmark,60.182792923,13.238715032999998,113.88,2126503936
fabric,1,benchmark,60.43315672,13.489078829999997,114.97,2126569472
fabric,1,benchmark,60.683349049,13.739271158999998,116.05,2126598144
fabric,1,benchmark,60.93596954,13.99189165,116.97,2126733312
fabric,1,benchmark,61.196347686,14.252269796,118.8,2137006080
fabric,1,benchmark,61.446629139,14.502551249,119.42,2137010176
fabric,1,benchmark,61.696777586,14.752699696,120.8,2137341952
fabric,1,benchmark,61.946976976,15.002899086,122.36,2137341952
fabric,1,benchmark,62.197177855,15.253099964999997,123.09,2145304576
fabric,1,benchmark,62.460233104,15.516155213999994,124.6,2145357824
fabric,1,benchmark,62.710306468,15.766228577999996,124.93,2145357824
fabric,1,benchmark,62.960946347,16.016868456999994,127.01,2163130368
fabric,1,benchmark,63.211396398,16.267318507999995,128.14,2163150848
fabric,1,benchmark,63.462500889,16.518422998999995,129.26,2167521280
fabric,1,benchmark,63.711958194,16.767880303999995,129.53,2167504896
fabric,1,benchmark,63.96208816,17.018010269999998,129.78,2167508992
fabric,1,benchmark,64.212768841,17.268690950999996,130.33,2167877632
fabric,1,benchmark,64.462921358,17.518843468,131.03,2167877632
fabric,1,benchmark,64.713203101,17.769125211000002,131.96,2167885824
fabric,1,benchmark,64.965194803,18.021116913,132.71,2167922688
fabric,1,benchmark,65.215511967,18.271434076999995,133.31,2167926784
fabric,1,benchmark,65.465523418,18.521445528,134.55,2167939072
fabric,1,benchmark,65.71558264,18.77150474999999,135.42,2169180160
fabric,1,benchmark,65.965783189,19.021705299000004,136.64,2169184256
fabric,1,benchmark,66.217055638,19.272977748000002,137.93,2169274368
fabric,1,benchmark,66.467016926,19.522939035999997,138.27,2169348096
fabric,1,benchmark,66.717421634,19.773343744,139.48,2170773504
fabric,1,benchmark,66.969183615,20.025105725000003,140.48,2170830848
fabric,1,benchmark,67.217930737,20.273852847,141.17,2171506688
fabric,1,benchmark,67.468293033,20.524215142999992,142.17,2171539456
fabric,1,benchmark,67.718387328,20.774309438000003,142.87,2171596800
fabric,1,benchmark,67.968481412,21.024403522,143.77,2171805696
fabric,1,benchmark,68.218907901,21.27483001099999,145,2171842560
fabric,1,benchmark,68.469233206,21.525155315999996,145.58,2173575168
fabric,1,benchmark,68.719403193,21.775325303000002,146.52,2173579264
fabric,1,benchmark,68.969704647,22.025626756999998,147.5,2173591552
fabric,1,benchmark,69.2200156,22.275937709999994,148.23,2173587456
fabric,1,benchmark,69.470609197,22.526531307,149.73,2173571072
fabric,1,benchmark,69.720373656,22.776295766000004,150.08,2173571072
fabric,1,benchmark,69.970645388,23.02656749799999,150.59,2173587456
fabric,1,benchmark,70.221207463,23.277129572999996,151.53,2173779968
fabric,1,benchmark,70.471672164,23.527594273999995,155.03,2183204864
fabric,1,benchmark,70.722080242,23.778002352,155.85,2183565312
fabric,1,benchmark,70.972346894,24.028269003999995,157.56,2183614464
fabric,1,benchmark,71.222664738,24.278586848000003,158.5,2183720960
fabric,1,benchmark,71.473108808,24.529030918000004,159.59,2183712768
fabric,1,benchmark,71.723403651,24.779325760999996,161.14,2183745536
fabric,1,benchmark,71.97318094,25.029103050000003,161.44,2183749632
fabric,1,benchmark,72.223685312,25.279607421999998,162.84,2183757824
fabric,1,benchmark,72.473736924,25.52965903399999,164.16,2186825728
fabric,1,benchmark,72.724055328,25.779977438000003,164.86,2187157504
fabric,1,benchmark,72.974632854,26.030554964000004,166.22,2187173888
fabric,1,benchmark,73.22477577,26.28069787999999,167.03,2187198464
fabric,1,benchmark,73.475250601,26.531172710999996,168.34,2187231232
fabric,1,benchmark,73.725551434,26.781473543999994,169.61,2190962688
fabric,1,benchmark,73.97634496,27.032267070000003,170.43,2190999552
fabric,1,benchmark,74.226131699,27.282053809000004,171.45,2190999552
fabric,1,benchmark,74.476479014,27.532401124000003,172.65,2191007744
fabric,1,benchmark,74.726649291,27.782571401,173.18,2191036416
fabric,1,benchmark,74.97708917,28.033011279999997,174.08,2195501056
fabric,1,benchmark,75.227454346,28.283376456,175.77,2198147072
fabric,1,benchmark,75.477512888,28.533434998000004,176.13,2198147072
fabric,1,benchmark,75.72779597,28.78371808,176.76,2198147072
fabric,1,benchmark,75.978451629,29.034373739000003,178.19,2198192128
fabric,1,benchmark,76.228659338,29.284581447999997,178.85,2198192128
fabric,1,benchmark,76.479136849,29.535058958999997,180.1,2198233088
fabric,1,benchmark,76.729417431,29.785339541,181.01,2198286336
fabric,1,benchmark,76.981545797,30.037467906999993,182.35,2198343680
fabric,1,benchmark,77.230064078,30.285986187999995,183.8,2198376448
fabric,1,benchmark,77.480281957,30.536204067,184.65,2198380544
fabric,1,benchmark,77.730971498,30.786893608,185.87,2198413312
fabric,1,benchmark,77.981074891,31.036997001000003,186.48,2198437888
fabric,1,benchmark,78.231567713,31.287489823,188.01,2198474752
fabric,1,benchmark,78.481398184,31.537320293999997,188.92,2198474752
fabric,1,benchmark,78.731752589,31.787674698999993,190.02,2198478848
fabric,1,benchmark,78.98201414,32.03793625,192.21,2198503424
fabric,1,benchmark,79.232086102,32.288008211999994,192.68,2198503424
fabric,1,benchmark,79.482678468,32.538600578,193.66,2198511616
fabric,1,benchmark,79.733351608,32.789273718000004,195.02,2198536192
fabric,1,benchmark,79.983545665,33.03946777499999,196.03,2198544384
fabric,1,benchmark,80.233931301,33.289853410999996,197.07,2198544384
fabric,1,benchmark,80.484094578,33.540016687999994,198.1,2198581248
fabric,1,benchmark,80.734519296,33.790441406,199.14,2198581248
fabric,1,benchmark,80.984672142,34.04059425199999,200.28,2198757376
fabric,1,benchmark,81.234946033,34.290868143,201.02,2198769664
fabric,1,benchmark,81.485419353,34.541341462999995,203.27,2198859776
fabric,1,benchmark,81.735402241,34.791324351,204.71,2200051712
fabric,1,benchmark,81.985816879,35.041738988999995,205.72,2200055808
fabric,1,benchmark,82.236637345,35.292559455,206.93,2207375360
fabric,1,benchmark,82.48679701,35.54271912,207.7,2213023744
fabric,1,benchmark,82.736946076,35.79286818599999,208.36,2213036032
fabric,1,benchmark,82.987096841,36.04301895099999,208.65,2213040128
fabric,1,benchmark,83.237688607,36.29361071699999,209.9,2213212160
fabric,1,benchmark,83.487903585,36.543825694999995,211.18,2213236736
fabric,1,benchmark,83.738078262,36.794000372,211.57,2213236736
fabric,1,benchmark,83.988477858,37.04439996799999,211.89,2213244928
fabric,1,benchmark,84.238727668,37.29464977799999,212.62,2213244928
fabric,1,benchmark,84.489208508,37.545130618,213.62,2213253120
fabric,1,benchmark,84.739228398,37.79515050799999,213.98,2213269504
fabric,1,benchmark,84.989630505,38.04555261499999,214.94,2213285888
fabric,1,benchmark,85.240098674,38.29602078399999,215.68,2213310464
fabric,1,benchmark,85.490410207,38.546332316999994,216.84,2213318656
fabric,1,benchmark,85.740759891,38.79668200099999,218.18,2213318656
fabric,1,benchmark,85.990935818,39.046857927999994,218.97,2132328448
fabric,1,benchmark,86.240921015,39.296843124999995,219.47,2132324352
fabric,1,benchmark,86.491021278,39.546943388,220.31,2132324352
fabric,1,benchmark,86.741391743,39.79731385299999,222.15,2132357120
fabric,1,benchmark,86.991642313,40.047564423,222.57,2132357120
fabric,1,benchmark,87.242119863,40.298041973,223.18,2132357120
fabric,1,benchmark,87.492337521,40.54825963099999,224.45,2132406272
fabric,1,benchmark,87.7428014,40.79872351,226.12,2132426752
fabric,1,benchmark,87.993220758,41.049142868000004,226.94,2132426752
fabric,1,benchmark,88.243704248,41.299626358,228.13,2132492288
fabric,1,benchmark,88.493955237,41.54987734699999,229.05,2132492288
fabric,1,benchmark,88.744392985,41.800315095,230.58,2132557824
fabric,1,benchmark,88.994687287,42.050609397,232.21,2132611072
fabric,1,benchmark,89.246932498,42.302854608000004,233.87,2132967424
fabric,1,benchmark,89.495551742,42.551473852,236.65,2133012480
fabric,1,benchmark,89.745806982,42.801729092,237.38,2133028864
fabric,1,benchmark,89.99580532,43.05172743,237.71,2133028864
fabric,1,benchmark,90.24586251,43.30178461999999,238.83,2133073920
fabric,1,benchmark,90.496177653,43.552099763,239.72,2133123072
fabric,1,benchmark,90.74638914,43.80231125,240.49,2133135360
fabric,1,benchmark,90.996668211,44.052590321,241.59,2133225472
fabric,1,benchmark,91.246861588,44.302783698,242.4,2133229568
fabric,1,benchmark,91.497295475,44.553217585,243.42,2133274624
fabric,1,benchmark,91.749373108,44.805295218,244.59,2133286912
fabric,1,benchmark,91.999695201,45.05561731099999,245.35,2133303296
fabric,1,benchmark,92.250117718,45.306039827999996,246.3,2133340160
fabric,1,benchmark,92.5004256,45.55634771,247.02,2133340160
fabric,1,benchmark,92.750725391,45.806647501,248.72,2133495808
fabric,1,benchmark,93.001258454,46.05718056399999,249.38,2133495808
fabric,1,benchmark,93.251358496,46.30728060599999,250.44,2133553152
fabric,1,benchmark,93.501779223,46.557701333,251.31,2133561344
fabric,1,benchmark,93.752019161,46.807941271000004,252.13,2133565440
fabric,1,benchmark,94.002174826,47.058096936,253.62,2133651456
fabric,1,benchmark,94.252330251,47.308252361,254.51,2133700608
fabric,1,benchmark,94.502543068,47.55846517799999,256.28,2133815296
fabric,1,benchmark,94.752914283,47.80883639299999,257.66,2133827584
fabric,1,benchmark,95.003224765,48.059146874999996,258.78,2133884928
fabric,1,benchmark,95.253507785,48.309429894999994,259.24,2133889024
fabric,1,benchmark,95.503745533,48.559667643,260.09,2133884928
fabric,1,benchmark,95.754004993,48.80992710299999,261.2,2136690688
fabric,1,benchmark,96.004198149,49.060120259,262.05,2136690688
fabric,1,benchmark,96.254453668,49.310375777999994,263.63,2137075712
fabric,1,benchmark,96.504796281,49.560718390999995,264.81,2147028992
fabric,1,benchmark,96.75788661,49.81380872,265.86,2150850560
fabric,1,benchmark,97.006079545,50.062001655,266.86,2150850560
fabric,1,benchmark,97.256626487,50.312548597,267.4,2150838272
fabric,1,benchmark,97.507006422,50.562928532,268.46,2150862848
fabric,1,benchmark,97.757227269,50.813149378999995,269.1,2150862848
fabric,1,benchmark,98.007477488,51.063399598000004,269.9,2150862848
fabric,1,benchmark,98.257853813,51.313775922999994,271.31,2150887424
fabric,1,benchmark,98.507688452,51.563610561999994,271.64,2150887424
fabric,1,benchmark,98.758622202,51.814544311999995,272.39,2150895616
fabric,1,benchmark,99.008656651,52.06457876099999,273.35,2150899712
fabric,1,benchmark,99.259104879,52.315026989,274.03,2150899712
fabric,1,benchmark,99.509313696,52.565235806000004,274.99,2150903808
fabric,1,benchmark,99.759447459,52.815369569,275.64,2150903808
fabric,1,benchmark,100.009987371,53.06590948099999,277.49,2151018496
fabric,1,benchmark,100.260386176,53.316308285999995,278.2,2151026688
fabric,1,benchmark,100.510604443,53.566526553,279.25,2159177728
fabric,1,benchmark,100.760656203,53.816578312999994,281.15,2195230720
fabric,1,benchmark,101.010910972,54.066833082,282.35,2195226624
fabric,1,benchmark,101.261342918,54.317265027999994,283.76,2196369408
fabric,1,benchmark,101.511683771,54.56760588099999,284.73,2197430272
fabric,1,benchmark,101.761863796,54.817785906,285.64,2197430272
fabric,1,benchmark,102.012491442,55.068413551999996,287.03,2197495808
fabric,1,benchmark,102.262236917,55.31815902699999,287.42,2197516288
fabric,1,benchmark,102.512657763,55.568579873000004,289.46,2203389952
fabric,1,benchmark,102.762701092,55.818623202,289.74,2203389952
fabric,1,benchmark,103.013289656,56.069211765999995,291.54,2211037184
fabric,1,benchmark,103.263536374,56.319458483999995,292.42,2211041280
fabric,1,benchmark,103.514013903,56.569936013,293.53,2211053568
fabric,1,benchmark,103.764223429,56.820145538999995,294.37,2211053568
fabric,1,benchmark,104.01475328,57.07067538999999,295.73,2212048896
fabric,1,benchmark,104.264793689,57.320715799,296.75,2212040704
fabric,1,benchmark,104.515205655,57.571127765,297.55,2212032512
fabric,1,benchmark,104.765485244,57.821407354,298.78,2212061184
fabric,1,benchmark,105.01568536,58.071607470000004,299.68,2212061184
fabric,1,benchmark,105.265998521,58.321920631,301.02,2212102144
fabric,1,benchmark,105.516278271,58.572200381,301.67,2212102144
fabric,1,benchmark,105.766698327,58.822620437,304.01,2213965824
fabric,1,benchmark,106.016597669,59.072519779000004,304.27,2213965824
fabric,1,benchmark,106.266844867,59.322766977,304.64,2213965824
fabric,1,benchmark,106.517277753,59.573199863,305.25,2213969920
fabric,1,benchmark,106.768991338,59.824913448000004,306.62,2214920192
fabric,1,benchmark,107.019074179,60.074996289,306.98,2214924288
fabric,1,benchmark,107.269534127,60.325456237,308.02,2225700864
fabric,1,benchmark,107.519856118,60.575778228000004,309.05,2225709056
fabric,1,benchmark,107.770258643,60.826180753,310.01,2225717248
fabric,1,benchmark,108.02048953,61.07641164,311.51,2247249920
fabric,1,benchmark,108.270687075,61.326609184999995,312.36,2247254016
fabric,1,benchmark,108.520965394,61.576887504,313.9,2253950976
fabric,1,benchmark,108.771336478,61.82725858799999,314.75,2255593472
fabric,1,benchmark,109.021550294,62.07747240399999,315.7,2255605760
fabric,1,benchmark,109.273010238,62.328932347999995,316.61,2255626240
fabric,1,benchmark,109.522358904,62.578281014,319.32,2294808576
fabric,1,benchmark,109.772661854,62.828583964,320.09,2297311232
fabric,1,benchmark,110.022791997,63.078714106999996,320.55,2305912832
fabric,1,benchmark,110.273062045,63.328984155,321.67,2305966080
fabric,1,benchmark,110.523541563,63.57946367299999,322.48,2305974272
fabric,1,benchmark,110.775088381,63.831010491,323.03,2305974272
fabric,1,benchmark,111.024005237,64.079927347,324.19,2305974272
fabric,1,benchmark,111.274254385,64.330176495,325.05,2305974272
fabric,1,benchmark,111.524494672,64.580416782,325.37,2305974272
fabric,1,benchmark,111.774895437,64.830817547,326.11,2305974272
fabric,1,benchmark,112.025289611,65.081211721,327.13,2305974272
fabric,1,benchmark,112.275498287,65.331420397,327.76,2305974272
fabric,1,benchmark,112.525851189,65.58177329899999,329.72,2306228224
fabric,1,benchmark,112.775890127,65.831812237,330.1,2306228224
fabric,1,benchmark,113.026403126,66.082325236,330.77,2306236416
fabric,1,benchmark,113.276650604,66.332572714,331.62,2306236416
fabric,1,benchmark,113.526849549,66.582771659,332.55,2306240512
fabric,1,benchmark,113.777256304,66.833178414,333.78,2307104768
fabric,1,benchmark,114.027410817,67.083332927,334.77,2307166208
fabric,1,benchmark,114.27822839,67.33415049999999,335.87,2307170304
fabric,1,benchmark,114.527983365,67.583905475,336.99,2307178496
fabric,1,benchmark,114.778342508,67.83426461799999,337.65,2307178496
fabric,1,benchmark,115.032268204,68.088190314,338.58,2307174400
fabric,1,benchmark,115.27856851,68.33449062,339.51,2307174400
fabric,1,benchmark,115.530067155,68.585989265,340.83,2307207168
fabric,1,benchmark,115.779471063,68.835393173,344.4,2307219456
fabric,1,benchmark,116.029448988,69.085371098,344.88,2307276800
fabric,1,benchmark,116.279548688,69.335470798,345.16,2307276800
fabric,1,benchmark,116.529537234,69.585459344,345.5,2307280896
fabric,1,benchmark,116.780331736,69.83625384599999,346.45,2307293184
fabric,1,benchmark,117.030371894,70.086294004,347.37,2307293184
fabric,1,benchmark,117.280794959,70.336717069,348.15,2307293184
fabric,1,benchmark,117.53091732,70.58683943,349.25,2307411968
fabric,1,benchmark,117.781142936,70.83706504599999,350.02,2307416064
fabric,1,benchmark,118.031453026,71.08737513599999,351.41,2307440640
fabric,1,benchmark,118.281812058,71.337734168,352.16,2307440640
fabric,1,benchmark,118.531842685,71.587764795,353.18,2307448832
fabric,1,benchmark,118.782093933,71.838016043,354.06,2331287552
fabric,1,benchmark,119.032501447,72.088423557,354.93,2340921344
fabric,1,benchmark,119.288404983,72.344327093,357.14,2361225216
fabric,1,benchmark,119.533346117,72.58926822699999,359.3,2382192640
fabric,1,benchmark,119.783374074,72.83929618399999,359.76,2382192640
fabric,1,benchmark,120.033849961,73.089772071,361.41,2384338944
fabric,1,benchmark,120.284318718,73.34024082799999,362.2,2384347136
fabric,1,benchmark,120.534529793,73.590451903,363.26,2389053440
fabric,1,benchmark,120.784942548,73.840864658,364.05,2389053440
fabric,1,benchmark,121.035114991,74.091037101,365.31,2394566656
fabric,1,benchmark,121.285464263,74.34138637299999,366.11,2394566656
fabric,1,benchmark,121.494129643,74.55005175299999,366.82,2394607616
fabric,1,startup,121.537812066,74.593734176,367.12,2394472448
fabric,1,startup,121.786556854,74.842478964,368.02,2462285824
fabric,1,startup,122.036601421,75.092523531,368.27,2462326784
fabric,1,startup,122.28711249,75.3430346,368.63,2474012672
fabric-c2me,2,startup,127.812155694,,0.68,127475712
fabric-c2me,2,startup,128.062104157,,1.47,202862592
fabric-c2me,2,startup,128.312675188,,2.51,415936512
fabric-c2me,2,startup,128.562918994,,4.12,516870144
fabric-c2me,2,startup,128.813444243,,5.17,529051648
fabric-c2me,2,startup,129.063819015,,6.33,578441216
fabric-c2me,2,startup,129.314492971,,7.78,617967616
fabric-c2me,2,startup,129.564544548,,9.75,741478400
fabric-c2me,2,startup,129.814510281,,10.65,773394432
fabric-c2me,2,startup,130.065127724,,11.69,835997696
fabric-c2me,2,startup,130.314858237,,12.6,807460864
fabric-c2me,2,startup,130.565440028,,13.31,841437184
fabric-c2me,2,startup,130.816142725,,16.22,890527744
fabric-c2me,2,startup,131.066208663,,18,911527936
fabric-c2me,2,startup,131.316385116,,19.39,939061248
fabric-c2me,2,startup,131.566467284,,20.77,954945536
fabric-c2me,2,startup,131.818744293,,25.79,958590976
fabric-c2me,2,startup,132.069633249,,28.91,985047040
fabric-c2me,2,startup,132.320308194,,31.7,989847552
fabric-c2me,2,startup,132.570588412,,34.35,996667392
fabric-c2me,2,benchmark,132.615439699,0,34.49,1001275392
fabric-c2me,2,benchmark,132.821614583,0.2061748840000064,38.37,1032474624
fabric-c2me,2,benchmark,133.072014186,0.45657448699998326,44.13,1070051328
fabric-c2me,2,benchmark,133.322255512,0.7068158129999915,49.5,1283133440
fabric-c2me,2,benchmark,133.573549206,0.958109506999989,54.9,1293377536
fabric-c2me,2,benchmark,133.823215785,1.2077760859999955,60.13,1514151936
fabric-c2me,2,benchmark,134.073707742,1.458268043000004,64.77,1627623424
fabric-c2me,2,benchmark,134.324324975,1.7088852759999895,69.05,1936588800
fabric-c2me,2,benchmark,134.575316595,1.9598768959999973,73.73,2078457856
fabric-c2me,2,benchmark,134.825387303,2.209947604000007,78.06,2270101504
fabric-c2me,2,benchmark,135.076222785,2.460783085999992,82.57,2592317440
fabric-c2me,2,benchmark,135.326493562,2.7110538629999894,86.21,2593828864
fabric-c2me,2,benchmark,135.576613822,2.9611741230000064,89.67,2595434496
fabric-c2me,2,benchmark,135.827143051,3.2117033520000007,93.29,2860748800
fabric-c2me,2,benchmark,136.077940252,3.462500552999984,97.29,2861813760
fabric-c2me,2,benchmark,136.328126005,3.712686305999995,101.64,2862723072
fabric-c2me,2,benchmark,136.57837878,3.962939081000002,105.34,3118903296
fabric-c2me,2,benchmark,136.831228385,4.215788685999996,109.54,3120447488
fabric-c2me,2,benchmark,137.07949698,4.464057280999981,113.4,3121553408
fabric-c2me,2,benchmark,137.329522986,4.714083286999994,114.54,3121614848
fabric-c2me,2,benchmark,137.580136048,4.964696349000008,115.15,3126374400
fabric-c2me,2,benchmark,137.830649926,5.215210227,118.06,3126669312
fabric-c2me,2,benchmark,138.08107744,5.465637740999995,121.57,3137183744
fabric-c2me,2,benchmark,138.331371367,5.715931667999996,125.44,3427323904
fabric-c2me,2,benchmark,138.581731798,5.966292098999986,129.2,3432312832
fabric-c2me,2,benchmark,138.832106979,6.216667279999996,132.56,3432902656
fabric-c2me,2,benchmark,139.082362185,6.466922485999987,135.95,3433492480
fabric-c2me,2,benchmark,139.333094963,6.717655264000001,138.78,3433676800
fabric-c2me,2,benchmark,139.584075182,6.968635482999986,142.44,3434340352
fabric-c2me,2,benchmark,139.833973561,7.218533861999987,144.37,3434610688
fabric-c2me,2,benchmark,140.084242968,7.468803269000006,147.24,3434844160
fabric-c2me,2,benchmark,140.334790387,7.719350687999992,150.79,3443560448
fabric-c2me,2,benchmark,140.585250982,7.969811282999984,154.43,3444322304
fabric-c2me,2,benchmark,140.835359611,8.219919911999995,157.79,3444805632
fabric-c2me,2,benchmark,141.086053487,8.47061378799998,161.14,3444944896
fabric-c2me,2,benchmark,141.336158336,8.720718637000004,164.36,3445202944
fabric-c2me,2,benchmark,141.586588989,8.97114929,167.52,3445387264
fabric-c2me,2,benchmark,141.836937849,9.221498150000002,171.04,3447140352
fabric-c2me,2,benchmark,142.08795935,9.472519650999999,174.62,3448082432
fabric-c2me,2,benchmark,142.338069299,9.722629600000005,178.06,3448774656
fabric-c2me,2,benchmark,142.588390797,9.972951097999982,181.11,3448901632
fabric-c2me,2,benchmark,142.838856413,10.223416713999995,184.2,3449085952
fabric-c2me,2,benchmark,143.089500676,10.474060976999993,186.28,3449114624
fabric-c2me,2,benchmark,143.340598291,10.725158591999985,189.24,3449376768
fabric-c2me,2,benchmark,143.590438827,10.974999128000007,191.93,3449823232
fabric-c2me,2,benchmark,143.840997526,11.225557826999989,195.5,3457474560
fabric-c2me,2,benchmark,144.09099478,11.475555080999982,198.3,3457978368
fabric-c2me,2,benchmark,144.341468645,11.726028945999985,202.09,3461672960
fabric-c2me,2,benchmark,144.591822545,11.976382846000007,205.54,3461984256
fabric-c2me,2,benchmark,144.842124553,12.226684853999984,208.75,3462172672
fabric-c2me,2,benchmark,145.092721684,12.47728198499999,212.04,3462402048
fabric-c2me,2,benchmark,145.342673496,12.727233796999997,215.41,3462807552
fabric-c2me,2,benchmark,145.592979014,12.977539315000001,218.65,3463004160
fabric-c2me,2,benchmark,145.84325381,13.227814110999986,221.89,3463065600
fabric-c2me,2,benchmark,146.093701834,13.478262134999994,224.99,3463233536
fabric-c2me,2,benchmark,146.343893706,13.728454006999982,228.24,3463667712
fabric-c2me,2,benchmark,146.595071734,13.97963203499998,231.6,3463884800
fabric-c2me,2,benchmark,146.844943972,14.229504273000003,234.62,3464015872
fabric-c2me,2,benchmark,147.095341014,14.479901315000006,237.8,3464093696
fabric-c2me,2,benchmark,147.345777097,14.730337397999989,240.4,3464302592
fabric-c2me,2,benchmark,147.596875152,14.981435452999989,242.91,3464531968
fabric-c2me,2,benchmark,147.847248602,15.231808903000001,246.08,3464753152
fabric-c2me,2,benchmark,148.097507437,15.482067737999984,249.31,3465015296
fabric-c2me,2,benchmark,148.347441638,15.732001938999986,251.53,3465117696
fabric-c2me,2,benchmark,148.597935284,15.982495584999981,253.99,3465203712
fabric-c2me,2,benchmark,148.848295394,16.232855694999984,257.16,3465228288
fabric-c2me,2,benchmark,149.098495557,16.483055858,260.09,3473567744
fabric-c2me,2,benchmark,149.348693849,16.733254149999993,262.36,3473780736
fabric-c2me,2,benchmark,149.599555072,16.98411537299998,265.72,3473833984
fabric-c2me,2,benchmark,149.849611528,17.23417182899999,268.09,3473956864
fabric-c2me,2,benchmark,150.099519527,17.484079828000006,271.71,3478597632
fabric-c2me,2,benchmark,150.349603674,17.734163975,275.18,3488030720
fabric-c2me,2,benchmark,150.6001075,17.984667801,278.64,3488264192
fabric-c2me,2,benchmark,150.850506432,18.235066732999996,281.57,3500421120
fabric-c2me,2,benchmark,151.101411727,18.485972027999992,285.08,3506909184
fabric-c2me,2,benchmark,151.350749419,18.735309720000004,287.58,3511373824
fabric-c2me,2,benchmark,151.401467115,18.786027415999996,287.99,3511595008
fabric-c2me,2,startup,151.601020245,18.985580545999994,288.76,3507322880
fabric-c2me,2,startup,151.851389155,19.235949455999986,288.82,0
fabric,2,startup,157.193795937,,0.71,131829760
fabric,2,startup,157.443864183,,1.49,213110784
fabric,2,startup,157.694033063,,2.84,445730816
fabric,2,startup,157.944087838,,3.88,514555904
fabric,2,startup,158.194402706,,5.07,536363008
fabric,2,startup,158.445207675,,6.36,559566848
fabric,2,startup,158.695635397,,8.23,673775616
fabric,2,startup,158.945703453,,9.61,709054464
fabric,2,startup,159.19601558,,10.42,721227776
fabric,2,startup,159.446492775,,11.54,764805120
fabric,2,startup,159.696706817,,12.89,787881984
fabric,2,startup,159.947410422,,13.8,811737088
fabric,2,startup,160.197539431,,17.42,961830912
fabric,2,startup,160.447606346,,18.81,1005248512
fabric,2,startup,160.708905947,,22.08,1016786944
fabric,2,startup,160.957999438,,28.94,1031086080
fabric,2,startup,161.211955712,,34.15,979755008
fabric,2,startup,161.46207187,,38.66,982040576
fabric,2,startup,161.712476541,,39.87,985563136
fabric,2,benchmark,161.750934634,0,40,989118464
fabric,2,benchmark,161.965158036,0.21422340199998757,43.02,1000177664
fabric,2,benchmark,162.214374043,0.4634394089999887,48.69,1002504192
fabric,2,benchmark,162.464738482,0.7138038479999977,49.97,1041100800
fabric,2,benchmark,162.714866411,0.9639317769999991,50.89,1103257600
fabric,2,benchmark,162.965147866,1.2142132319999916,51.68,1158483968
fabric,2,benchmark,163.215332807,1.4643981730000064,52.64,1167257600
fabric,2,benchmark,163.465668084,1.714733449999983,54.93,1169252352
fabric,2,benchmark,163.715893917,1.9649592829999847,55.73,1169371136
fabric,2,benchmark,163.969770267,2.2188356329999976,58.37,1177563136
fabric,2,benchmark,164.217083296,2.466148661999995,59.58,1180536832
fabric,2,benchmark,164.467264897,2.7163302630000032,60.91,1189105664
fabric,2,benchmark,164.71749916,2.966564525999985,62.54,1189466112
fabric,2,benchmark,164.967908711,3.2169740770000033,64.81,1193590784
fabric,2,benchmark,165.219178212,3.468243577999999,65.61,1250074624
fabric,2,benchmark,165.468940473,3.718005839,66.87,1348218880
fabric,2,benchmark,165.719242549,3.968307914999997,67.81,1348235264
fabric,2,benchmark,165.969691282,4.21875664800001,69,1351593984
fabric,2,benchmark,166.219933125,4.468998491000008,69.47,1351749632
fabric,2,benchmark,166.470355807,4.719421173000001,71.15,1352749056
fabric,2,benchmark,166.72059816,4.969663526000005,71.73,1352806400
fabric,2,benchmark,166.970859484,5.219924849999984,73.2,1361580032
fabric,2,benchmark,167.221107387,5.470172752999986,74.14,1361690624
fabric,2,benchmark,167.473586243,5.722651608999996,75.76,1361727488
fabric,2,benchmark,167.723838927,5.972904292999999,76.36,1381699584
fabric,2,benchmark,167.974631825,6.223697190999985,78.58,1438269440
fabric,2,benchmark,168.225109499,6.474174865000009,80.38,1439281152
fabric,2,benchmark,168.475270789,6.724336155000003,81.67,1440866304
fabric,2,benchmark,168.725654288,6.974719653999983,82.29,1440866304
fabric,2,benchmark,168.976001726,7.225067091999989,83.78,1631412224
fabric,2,benchmark,169.22625377,7.475319135999996,84.64,1632989184
fabric,2,benchmark,169.476954264,7.726019629999996,86.18,1633177600
fabric,2,benchmark,169.72704436,7.976109726000004,86.58,1633161216
fabric,2,benchmark,169.978139832,8.227205198000007,88.53,1669898240
fabric,2,benchmark,170.22826252,8.477327885999983,90.62,1671380992
fabric,2,benchmark,170.478520173,8.727585538999989,91.9,1679495168
fabric,2,benchmark,170.729726551,8.978791916999995,92.8,1679601664
fabric,2,benchmark,170.979783035,9.228848400999993,93.3,1679642624
fabric,2,benchmark,171.23007481,9.479140175999987,95.11,1682681856
fabric,2,benchmark,171.480389186,9.729454551999993,95.4,1682653184
fabric,2,benchmark,171.730848679,9.979914044999987,96.84,1682812928
fabric,2,benchmark,171.981219868,10.230285234000007,97.32,1684652032
fabric,2,benchmark,172.231610548,10.480675913999988,98.4,1684725760
fabric,2,benchmark,172.482000798,10.731066163999998,99.1,1684770816
fabric,2,benchmark,172.732113595,10.981178960999983,100.04,1684787200
fabric,2,benchmark,172.982196771,11.231262136999987,100.4,1684787200
fabric,2,benchmark,173.232608281,11.481673647000008,101.34,1684701184
fabric,2,benchmark,173.482963989,11.732029355000009,102.43,1684725760
fabric,2,benchmark,173.733112988,11.982178353999984,103,1686294528
fabric,2,benchmark,173.983586491,12.232651857000008,103.87,1686695936
fabric,2,benchmark,174.233778771,12.482844137,105.04,1686777856
fabric,2,benchmark,174.484229774,12.733295139999996,105.8,1688576000
fabric,2,benchmark,174.734386812,12.983452177999993,107.06,1689726976
fabric,2,benchmark,174.993618907,13.242684273000009,108.56,1708187648
fabric,2,benchmark,175.244488229,13.493553595000009,108.99,1708183552
fabric,2,benchmark,175.493885933,13.742951298999998,109.97,1708183552
fabric,2,benchmark,175.744272722,13.993338088000002,111.54,1724882944
fabric,2,benchmark,175.994569807,14.243635173000001,112.69,1728446464
fabric,2,benchmark,176.244506646,14.493572011999987,113.4,1728462848
fabric,2,benchmark,176.494899735,14.743965100999986,115.48,1768378368
fabric,2,benchmark,176.745007412,14.994072778000003,115.81,1768431616
fabric,2,benchmark,176.995610641,15.24467600700001,117.36,1777442816
fabric,2,benchmark,177.245758749,15.494824115,118.21,1777467392
fabric,2,benchmark,177.496876482,15.745941848000001,118.93,1777643520
fabric,2,benchmark,177.746970237,15.996035602999996,119.64,1777647616
fabric,2,benchmark,177.997455331,16.246520696999994,120.32,1790029824
fabric,2,benchmark,178.247422461,16.49648782700001,120.81,1793662976
fabric,2,benchmark,178.497748017,16.74681338299999,121.15,1794019328
fabric,2,benchmark,178.748352396,16.997417761999998,122.28,1799258112
fabric,2,benchmark,179.004156944,17.253222309999984,124.17,1825628160
fabric,2,benchmark,179.250042396,17.499107761999994,126.27,1939324928
fabric,2,benchmark,179.500423775,17.749489140999998,127.35,1939435520
fabric,2,benchmark,179.750543772,17.999609137999983,128.66,1951158272
fabric,2,benchmark,180.001197083,18.25026244899999,129.47,1951162368
fabric,2,benchmark,180.251494368,18.500559734000007,130.66,1952468992
fabric,2,benchmark,180.501431736,18.750497101999997,130.97,1952477184
fabric,2,benchmark,180.752097778,19.001163144000003,132.07,1957089280
fabric,2,benchmark,181.002263977,19.25132934300001,133.05,1957253120
fabric,2,benchmark,181.252902677,19.501968043000005,134.47,1957335040
fabric,2,benchmark,181.50316344,19.752228806000005,135.3,1957556224
fabric,2,benchmark,181.753041226,20.00210659199999,136.17,1957695488
fabric,2,benchmark,182.00353756,20.25260292600001,137.26,2239414272
fabric,2,benchmark,182.253761421,20.502826787000004,137.99,2246213632
fabric,2,benchmark,182.505908791,20.754974156999992,139.43,2246995968
fabric,2,benchmark,182.754538939,21.00360430500001,140.18,2247053312
fabric,2,benchmark,183.004805412,21.253870777999992,141,2251825152
fabric,2,benchmark,183.255092356,21.504157722000002,141.97,2251857920
fabric,2,benchmark,183.50559154,21.754656906000008,142.77,2251849728
fabric,2,benchmark,183.755760359,22.00482572499999,143.49,2251857920
fabric,2,benchmark,184.005930558,22.254995923999985,144.64,2251907072
fabric,2,benchmark,184.256325367,22.505390732999984,145.45,2251907072
fabric,2,benchmark,184.50899612,22.758061486000003,146.21,2252001280
fabric,2,benchmark,184.757103214,23.006168580000008,146.83,2252050432
fabric,2,benchmark,185.012846159,23.261911524999988,149.76,2259480576
fabric,2,benchmark,185.260992524,23.510057889999985,151.45,2261286912
fabric,2,benchmark,185.511627974,23.76069333999999,152.45,2261291008
fabric,2,benchmark,185.762057835,24.011123201000004,153.22,2263195648
fabric,2,benchmark,186.012463114,24.26152848000001,154.74,2272509952
fabric,2,benchmark,186.262661114,24.511726479999993,155.78,2272501760
fabric,2,benchmark,186.512943338,24.76200870400001,156.47,2272518144
fabric,2,benchmark,186.763459563,25.012524928999994,157.98,2272579584
fabric,2,benchmark,187.01360947,25.262674836000002,159.13,2272608256
fabric,2,benchmark,187.263679654,25.512745019999983,160.15,2272792576
fabric,2,benchmark,187.513959448,25.763024814000005,161.48,2272821248
fabric,2,benchmark,187.764338406,26.013403772000004,161.88,2272833536
fabric,2,benchmark,188.014692133,26.263757499000008,163.43,2272956416
fabric,2,benchmark,188.264847921,26.51391328700001,164.42,2272956416
fabric,2,benchmark,188.515386376,26.764451742000006,165.34,2273951744
fabric,2,benchmark,188.765542984,27.014608350000003,166.44,2273951744
fabric,2,benchmark,189.015929902,27.264995268000007,167.45,2273951744
fabric,2,benchmark,189.266168914,27.515234279999987,167.95,2273968128
fabric,2,benchmark,189.516669647,27.765735012999983,170.23,2274095104
fabric,2,benchmark,189.766845536,28.015910902,170.64,2274152448
fabric,2,benchmark,190.017338469,28.266403835000006,171.06,2274197504
fabric,2,benchmark,190.267321919,28.516387285000008,171.42,2274213888
fabric,2,benchmark,190.517806362,28.766871727999984,173.05,2274336768
fabric,2,benchmark,190.768148388,29.017213753999982,173.72,2274340864
fabric,2,benchmark,191.018298705,29.267364071000003,175.13,2274578432
fabric,2,benchmark,191.268559968,29.517625334,176.06,2274574336
fabric,2,benchmark,191.519262641,29.768328007000008,177.43,2274619392
fabric,2,benchmark,191.769504612,30.018569977999988,178.72,2274852864
fabric,2,benchmark,192.019859379,30.268924744999993,179.6,2274856960
fabric,2,benchmark,192.269990065,30.519055430999998,180.52,2274889728
fabric,2,benchmark,192.520460697,30.769526063,181.12,2274922496
fabric,2,benchmark,192.776772917,31.025838282999985,182.86,2274983936
fabric,2,benchmark,193.028179562,31.277244927999988,184.15,2275012608
fabric,2,benchmark,193.280340041,31.529405406999985,185.42,2275012608
fabric,2,benchmark,193.533506717,31.78257208299999,186.88,2275037184
fabric,2,benchmark,193.78335126,32.032416625999986,187.24,2275041280
fabric,2,benchmark,194.033799111,32.282864477000004,188.6,2275057664
fabric,2,benchmark,194.284081274,32.533146639999984,189.8,2275078144
fabric,2,benchmark,194.534337186,32.783402551999984,190.89,2275090432
fabric,2,benchmark,194.784672312,33.033737677999994,192.12,2275102720
fabric,2,benchmark,195.034897622,33.283962987999985,193.08,2275102720
fabric,2,benchmark,195.285329422,33.534394787999986,194.38,2275127296
fabric,2,benchmark,195.536349659,33.78541502499999,195.35,2275143680
fabric,2,benchmark,195.78657842,34.03564378600001,196.05,2275307520
fabric,2,benchmark,196.038073399,34.28713876500001,198.5,2275381248
fabric,2,benchmark,196.288183024,34.53724839,199.77,2275397632
fabric,2,benchmark,196.542089413,34.79115477900001,200.84,2275401728
fabric,2,benchmark,196.78918594,35.03825130600001,201.8,2275463168
fabric,2,benchmark,197.039443242,35.288508608,203.02,2277228544
fabric,2,benchmark,197.289515105,35.53858047099999,203.34,2277232640
fabric,2,benchmark,197.539788758,35.78885412399998,203.7,2277236736
fabric,2,benchmark,197.790173206,36.03923857199999,204.53,2277236736
fabric,2,benchmark,198.040447038,36.28951240399999,205.45,2277257216
fabric,2,benchmark,198.290814115,36.539879480999986,206.26,2277261312
fabric,2,benchmark,198.540861597,36.789926963,206.6,2277265408
fabric,2,benchmark,198.791333579,37.04039894499999,207.18,2277269504
fabric,2,benchmark,199.04180029,37.290865655999994,208.15,2277298176
fabric,2,benchmark,199.292142246,37.541207611999994,208.63,2277306368
fabric,2,benchmark,199.542702541,37.79176790700001,209.31,2277314560
fabric,2,benchmark,199.792507262,38.04157262799998,209.92,2277314560
fabric,2,benchmark,200.042845338,38.291910704,211.16,2277322752
fabric,2,benchmark,200.293195414,38.54226077999999,211.82,2277322752
fabric,2,benchmark,200.543433115,38.792498480999996,212.63,2277326848
fabric,2,benchmark,200.793509268,39.042574634000005,212.89,2277326848
fabric,2,benchmark,201.043957598,39.29302296399999,214.08,2277330944
fabric,2,benchmark,201.294496213,39.543561579,215.09,2277326848
fabric,2,benchmark,201.544411029,39.793476395,215.42,2277326848
fabric,2,benchmark,201.795508879,40.04457424500001,217.71,2277363712
fabric,2,benchmark,202.045183644,40.29424900999999,218.29,2277367808
fabric,2,benchmark,202.295483647,40.544549012999994,219.32,2277367808
fabric,2,benchmark,202.546048033,40.795113399,221.06,2277388288
fabric,2,benchmark,202.797243908,41.04630927400001,222.55,2277412864
fabric,2,benchmark,203.046788976,41.295854341999984,223.98,2285903872
fabric,2,benchmark,203.303178399,41.552243764999986,225.23,2288328704
fabric,2,benchmark,203.547793012,41.796858377999996,226.72,2302726144
fabric,2,benchmark,203.799158324,42.048223689999986,229.06,2383515648
fabric,2,benchmark,204.048733634,42.297799,231,2813583360
fabric,2,benchmark,204.298793607,42.54785897299999,231.32,2888675328
fabric,2,benchmark,204.549671756,42.798737122000006,231.87,2893041664
fabric,2,benchmark,204.799735549,43.04880091499999,233.02,2896973824
fabric,2,benchmark,205.049870855,43.29893622099999,234.02,2897969152
fabric,2,benchmark,205.300110785,43.54917615099998,234.64,2905636864
fabric,2,benchmark,205.550694952,43.79976031799998,235.58,2907316224
fabric,2,benchmark,205.800908181,44.04997354700001,236.76,2907402240
fabric,2,benchmark,206.05110753,44.30017289599999,237.64,2907467776
fabric,2,benchmark,206.301405833,44.550471198999986,238.62,2907533312
fabric,2,benchmark,206.553017886,44.80208325199999,239.81,2907598848
fabric,2,benchmark,206.80332083,45.052386195999986,240.67,2907930624
fabric,2,benchmark,207.053543929,45.302609294999996,241.39,2908065792
fabric,2,benchmark,207.303876894,45.55294226000001,242.25,2908254208
fabric,2,benchmark,207.553983788,45.80304915400001,243.39,2908278784
fabric,2,benchmark,207.804226219,46.05329158499998,244.12,2908282880
fabric,2,benchmark,208.054353794,46.303419160000004,245.03,2908303360
fabric,2,benchmark,208.30471792,46.553783286,246.42,2908401664
fabric,2,benchmark,208.554750611,46.803815977,247.47,2908405760
fabric,2,benchmark,208.805014312,47.054079677999994,248.65,2908409856
fabric,2,benchmark,209.055220291,47.30428565700001,250.21,2947178496
fabric,2,benchmark,209.305470012,47.554535378,251.72,2948726784
fabric,2,benchmark,209.555907211,47.804972577,252.72,2948755456
fabric,2,benchmark,209.806160342,48.055225707999995,253.14,2948763648
fabric,2,benchmark,210.05656163,48.305626996,254.29,2948993024
fabric,2,benchmark,210.306645633,48.555710998999984,255.16,2949038080
fabric,2,benchmark,210.557093173,48.806158538999995,255.92,2949042176
fabric,2,benchmark,210.807299872,49.056365237999984,256.73,2949042176
fabric,2,benchmark,211.057565223,49.30663058900001,257.51,2949070848
fabric,2,benchmark,211.30795946,49.557024826,258.72,2958544896
fabric,2,benchmark,211.558056664,49.80712202999999,259.45,2958544896
fabric,2,benchmark,211.808270793,50.05733615899999,260.14,2958553088
fabric,2,benchmark,212.058507483,50.307572848999996,260.73,2958553088
fabric,2,benchmark,212.308747743,50.557813108999994,261.67,2958618624
fabric,2,benchmark,212.55893255,50.807997916000005,262.33,2958610432
fabric,2,benchmark,212.808928479,51.057993845,262.86,2958614528
fabric,2,benchmark,213.05938553,51.30845089599998,263.46,2958614528
fabric,2,benchmark,213.309740345,51.55880571099999,264.34,2958704640
fabric,2,benchmark,213.559962714,51.80902807999999,265.15,2960281600
fabric,2,benchmark,213.810186183,52.05925154900001,265.86,2960281600
fabric,2,benchmark,214.060419663,52.309485029,266.48,2960281600
fabric,2,benchmark,214.310674774,52.55974014,267.47,2960314368
fabric,2,benchmark,214.561169665,52.81023503099999,268.38,2960371712
fabric,2,benchmark,214.811305081,53.060370447,269.48,2960371712
fabric,2,benchmark,215.061646905,53.310712271,270.26,2960400384
fabric,2,benchmark,215.31199859,53.561063956,271.28,2960396288
fabric,2,benchmark,215.562286132,53.81135149799999,272.15,2960416768
fabric,2,benchmark,215.813751358,54.06281672399999,273.64,2960429056
fabric,2,benchmark,216.062851326,54.31191669199998,275.86,2960494592
fabric,2,benchmark,216.313080025,54.562145391,277.42,2960531456
fabric,2,benchmark,216.564263939,54.813329304999996,278.85,2960678912
fabric,2,benchmark,216.814276958,55.06334232399999,280.82,2960977920
fabric,2,benchmark,217.064078118,55.313143483999994,281.32,2961068032
fabric,2,benchmark,217.314789199,55.563854564999986,282.35,2961170432
fabric,2,benchmark,217.564915544,55.81398091,283.27,2961182720
fabric,2,benchmark,217.816070445,56.065135811000005,284.23,2961182720
fabric,2,benchmark,218.065393313,56.31445867899998,285.41,2961219584
fabric,2,benchmark,218.315770809,56.56483617500001,286.29,2961219584
fabric,2,benchmark,218.566050471,56.81511583700001,287.42,2961219584
fabric,2,benchmark,218.816391625,57.06545699099999,288.2,2961219584
fabric,2,benchmark,219.066688467,57.315753833,289.58,2961244160
fabric,2,benchmark,219.316834273,57.56589963900001,290.26,2961244160
fabric,2,benchmark,219.567351365,57.816416731000004,291.38,2961244160
fabric,2,benchmark,219.817506501,58.06657186699999,292.66,2961268736
fabric,2,benchmark,220.067801283,58.31686664899999,294.49,2961272832
fabric,2,benchmark,220.317939548,58.567004913999995,294.84,2961272832
fabric,2,benchmark,220.568068913,58.81713427899999,295.27,2961272832
fabric,2,benchmark,220.818365665,59.067431030999984,296.39,2961326080
fabric,2,benchmark,221.06828239,59.317347756000004,296.72,2961326080
fabric,2,benchmark,221.318847204,59.567912570000004,297.72,2961326080
fabric,2,benchmark,221.56901298,59.81807834599999,298.07,2961326080
fabric,2,benchmark,221.819353294,60.06841865999999,299.14,2961338368
fabric,2,benchmark,222.069771012,60.318836377999986,300.52,2961686528
fabric,2,benchmark,222.322203732,60.57126909799999,301.56,2854985728
fabric,2,benchmark,222.572747745,60.82181311099998,302.52,2854989824
fabric,2,benchmark,222.825393665,61.074459031,303.34,2855006208
fabric,2,benchmark,223.073841052,61.322906418,304.81,2855010304
fabric,2,benchmark,223.323297226,61.57236259199999,305.82,2855026688
fabric,2,benchmark,223.57385813,61.82292349599999,306.73,2855030784
fabric,2,benchmark,223.824038167,62.073103532999994,308.13,2855071744
fabric,2,benchmark,224.074445904,62.32351126999998,309.97,2739679232
fabric,2,benchmark,224.324520846,62.57358621200001,310.5,2739679232
fabric,2,benchmark,224.574931993,62.823997359,311.83,2739716096
fabric,2,benchmark,224.825383152,63.074448518,312.64,2739724288
fabric,2,benchmark,225.075753467,63.324818832999995,313.69,2739720192
fabric,2,benchmark,225.32541761,63.574482975999985,314.27,2739720192
fabric,2,benchmark,225.575911191,63.824976556999985,315.32,2739732480
fabric,2,benchmark,225.826105117,64.075170483,315.61,2739732480
fabric,2,benchmark,226.076542216,64.325607582,316.23,2739732480
fabric,2,benchmark,226.326955923,64.57602128900001,317.59,2739740672
fabric,2,benchmark,226.576689429,64.825754795,317.95,2500665344
fabric,2,benchmark,226.828888208,65.07795357399999,319.74,2500747264
fabric,2,benchmark,227.078237647,65.327303013,320.85,2500755456
fabric,2,benchmark,227.328064657,65.577130023,321.1,2500755456
fabric,2,benchmark,227.578349048,65.827414414,321.33,2500755456
fabric,2,benchmark,227.828902761,66.07796812699999,322.3,2500755456
fabric,2,benchmark,228.07912718,66.328192546,323.33,2500755456
fabric,2,benchmark,228.329801059,66.578866425,324.52,2500800512
fabric,2,benchmark,228.57987309,66.828938456,325.32,2500800512
fabric,2,benchmark,228.830087898,67.07915326399998,327.23,2500853760
fabric,2,benchmark,229.080464564,67.32952993,328,2483781632
fabric,2,benchmark,229.330718943,67.57978430899999,328.76,2483781632
fabric,2,benchmark,229.581220744,67.83028611,329.67,2483789824
fabric,2,benchmark,229.83161717,68.08068253599998,330.31,2483789824
fabric,2,benchmark,230.082563652,68.331629018,332.68,2483814400
fabric,2,benchmark,230.332751308,68.58181667400001,333.79,2483851264
fabric,2,benchmark,230.583206037,68.832271403,334.97,2483884032
fabric,2,benchmark,230.833363113,69.08242847899999,335.49,2483884032
fabric,2,benchmark,231.083528278,69.33259364399999,336.2,2483888128
fabric,2,benchmark,231.333849061,69.58291442699999,336.9,2483896320
fabric,2,benchmark,231.584197435,69.83326280099999,337.62,2483904512
fabric,2,benchmark,231.834434283,70.083499649,338.45,2483904512
fabric,2,benchmark,232.084736145,70.33380151099999,339.38,2483912704
fabric,2,benchmark,232.335184023,70.58424938900001,340.67,2483920896
fabric,2,benchmark,232.585403291,70.834468657,341.48,2483929088
fabric,2,benchmark,232.836058909,71.085124275,342.65,2483945472
fabric,2,benchmark,233.086103059,71.335168425,343.58,2483970048
fabric,2,benchmark,233.336577599,71.585642965,344.85,2483978240
fabric,2,benchmark,233.586712793,71.835778159,345.32,2483908608
fabric,2,benchmark,233.845805927,72.09487129299998,349.18,2562691072
fabric,2,benchmark,234.096188143,72.345253509,350.05,2576809984
fabric,2,benchmark,234.346374699,72.59544006499999,350.61,2576809984
fabric,2,benchmark,234.59688192,72.84594728599998,351.5,2576814080
fabric,2,benchmark,234.847522437,73.096587803,352.15,2592333824
fabric,2,benchmark,235.097920673,73.346986039,352.97,2593214464
fabric,2,benchmark,235.347885779,73.59695114499999,353.73,2593214464
fabric,2,benchmark,235.598492965,73.84755833099999,354.74,2599464960
fabric,2,benchmark,235.848846968,74.097912334,355.36,2599464960
fabric,2,benchmark,235.906219358,74.15528472399998,355.5,2599477248
fabric,2,startup,236.099350299,74.348415665,357.07,2599591936
fabric,2,startup,236.349235592,74.59830095800001,357.32,2599604224
fabric,2,startup,236.599594696,74.848660062,357.6,2599649280
fabric,2,startup,236.850224792,75.099290158,357.85,2595774464
steel,2,benchmark,242.244449007,0,3.19,136065024
steel,2,benchmark,242.327024071,0.08257506400002512,5.06,254509056
steel,2,benchmark,242.580965069,0.3365160620000154,12.97,415014912
steel,2,benchmark,242.841406935,0.5969579280000232,20.65,552869888
steel,2,benchmark,243.100880576,0.8564315690000228,28.68,658747392
steel,2,benchmark,243.352195534,1.1077465270000175,36.37,784592896
steel,2,benchmark,243.605294683,1.3608456760000252,44.16,918380544
steel,2,benchmark,243.862421587,1.6179725800000142,52.06,1042288640
steel,2,benchmark,244.112469636,1.868020629,59.73,1151094784
steel,2,benchmark,244.367871051,2.123422044000023,67.44,1271959552
steel,2,benchmark,244.618602192,2.3741531850000115,74.88,1341411328
steel,2,benchmark,244.877700255,2.633251248000022,81.98,1464811520
steel,2,benchmark,245.127661321,2.883212314000019,89.78,1555349504
steel,2,benchmark,245.392338101,3.1478890940000213,97.98,1665114112
steel,2,benchmark,245.657502813,3.413053806000022,106.01,1766850560
steel,2,benchmark,245.915451184,3.6710021770000196,113.64,1837375488
steel,2,benchmark,246.167363329,3.9229143220000253,121.41,1908588544
steel,2,benchmark,246.223623477,3.979174470000004,122.8,1917550592
steel,2,startup,246.414828529,4.170379522000019,123.03,1919217664
steel,2,startup,246.665069248,4.420620241000023,123.35,1919619072
steel,2,startup,246.915421851,4.670972844000005,123.65,1919733760
steel,2,startup,247.165930691,4.921481684000014,123.95,1919287296
steel,2,startup,247.416326066,5.171877059000025,124.25,1919414272
steel,2,startup,247.666433138,5.421984131000016,124.56,1920299008
steel,2,startup,247.917015522,5.672566515000028,124.86,1920454656
steel,2,startup,248.167017219,5.922568212000016,125.15,1921392640
steel,2,startup,248.417163982,6.172714975000019,125.46,1922084864
steel,2,startup,248.667725925,6.4232769180000275,125.48,1922211840
steel,2,startup,248.918217815,6.6737688080000055,125.48,1922211840
steel,2,startup,249.168269805,6.923820798000008,125.48,1922211840
steel,2,startup,249.41869813,7.17424912300001,125.48,1922211840
fabric,3,startup,254.784852363,,0.7,131276800
fabric,3,startup,255.035059299,,1.51,215490560
fabric,3,startup,255.285223843,,2.87,444989440
fabric,3,startup,255.53522346,,3.91,499367936
fabric,3,startup,255.78552109,,5.14,519188480
fabric,3,startup,256.036295362,,6.43,559919104
fabric,3,startup,256.286873025,,8.22,671166464
fabric,3,startup,256.536760746,,9.69,720736256
fabric,3,startup,256.787039525,,10.45,734359552
fabric,3,startup,257.037726183,,11.51,789004288
fabric,3,startup,257.287754551,,12.64,809127936
fabric,3,startup,257.538336764,,13.83,847708160
fabric,3,startup,257.788914197,,17.89,880295936
fabric,3,startup,258.039114402,,19.23,911241216
fabric,3,startup,258.29088176,,23.14,921251840
fabric,3,startup,258.540128621,,27.75,927207424
fabric,3,startup,258.791005138,,34.4,929611776
fabric,3,startup,259.041172442,,36.87,930729984
fabric,3,benchmark,259.246165055,0,37.87,936255488
fabric,3,benchmark,259.292893587,0.04672853199997462,39.04,937435136
fabric,3,benchmark,259.547066364,0.3009013089999826,43.86,996737024
fabric,3,benchmark,259.800295839,0.5541307839999945,51.64,997994496
fabric,3,benchmark,260.048239811,0.8020747559999677,53.67,1036517376
fabric,3,benchmark,260.298468307,1.0523032520000015,54.8,1131339776
fabric,3,benchmark,260.549011408,1.3028463530000067,55.66,1139814400
fabric,3,benchmark,260.799302308,1.5531372529999885,56.78,1144414208
fabric,3,benchmark,261.049702382,1.803537327000015,58.09,1151377408
fabric,3,benchmark,261.300083836,2.053918780999993,59.63,1153064960
fabric,3,benchmark,261.550365035,2.3041999800000212,60.39,1154916352
fabric,3,benchmark,261.801232331,2.5550672759999884,62.79,1156149248
fabric,3,benchmark,262.051664297,2.8054992419999962,64.29,1156980736
fabric,3,benchmark,262.302157446,3.055992391000018,66.14,1158303744
fabric,3,benchmark,262.552685956,3.306520900999999,67.37,1159053312
fabric,3,benchmark,262.802783076,3.55661802100002,68.12,1159049216
fabric,3,benchmark,263.053329808,3.807164752999995,69.61,1305968640
fabric,3,benchmark,263.303368715,4.057203659999971,70.07,1305997312
fabric,3,benchmark,263.553738108,4.307573052999999,70.83,1310416896
fabric,3,benchmark,263.804155913,4.557990857999982,72.2,1314246656
fabric,3,benchmark,264.0543813,4.808216244999983,72.83,1317699584
fabric,3,benchmark,264.304891099,5.058726043999968,73.81,1317699584
fabric,3,benchmark,264.555130806,5.3089657510000166,74.49,1319141376
fabric,3,benchmark,264.807621456,5.561456400999987,75.33,1322881024
fabric,3,benchmark,265.056607046,5.810441991000005,78.44,1355505664
fabric,3,benchmark,265.30723315,6.061068094999996,80.88,1363259392
fabric,3,benchmark,265.557521689,6.311356633999992,81.68,1363267584
fabric,3,benchmark,265.807594049,6.561428993999982,83.97,1421340672
fabric,3,benchmark,266.057879037,6.811713982000015,85.07,1424031744
fabric,3,benchmark,266.30823885,7.062073795000003,86.04,1423966208
fabric,3,benchmark,266.558827203,7.312662148000015,86.98,1694945280
fabric,3,benchmark,266.809179495,7.563014440000018,88.57,2239705088
fabric,3,benchmark,267.059670743,7.813505688000021,90.42,2327539712
fabric,3,benchmark,267.312543691,8.066378635999968,91.81,2327961600
fabric,3,benchmark,267.562815389,8.316650333999974,92.16,2328027136
fabric,3,benchmark,267.813208453,8.56704339800001,93.44,2328358912
fabric,3,benchmark,268.06344919,8.817284134999966,94.97,2329030656
fabric,3,benchmark,268.313642134,9.067477079000014,95.49,2329157632
fabric,3,benchmark,268.563996136,9.317831081000008,96.6,2329247744
fabric,3,benchmark,268.814370889,9.568205833999968,97.23,2329341952
fabric,3,benchmark,269.064570214,9.818405159000008,98.36,2329399296
fabric,3,benchmark,269.314931756,10.068766701000015,98.82,2329399296
fabric,3,benchmark,269.565168392,10.31900333699997,99.79,2329530368
fabric,3,benchmark,269.815439701,10.569274645999997,100.32,2329546752
fabric,3,benchmark,270.065675417,10.819510362000017,101.22,2329600000
fabric,3,benchmark,270.316026169,11.069861113999991,101.84,2329653248
fabric,3,benchmark,270.566308427,11.320143372000018,102.56,2329665536
fabric,3,benchmark,270.816553414,11.570388358999992,103.04,2329665536
fabric,3,benchmark,271.066853064,11.82068800899998,103.96,2329735168
fabric,3,benchmark,271.316989145,12.070824089999974,104.75,2329985024
fabric,3,benchmark,271.567430881,12.321265826000001,105.37,2330075136
fabric,3,benchmark,271.817691839,12.571526784000014,106.13,2330107904
fabric,3,benchmark,272.068192327,12.822027272000014,107.03,2330341376
fabric,3,benchmark,272.318499677,13.072334621999971,107.76,2330419200
fabric,3,benchmark,272.568649239,13.322484184000018,108.65,2332532736
fabric,3,benchmark,272.819095035,13.57292997999997,109.62,2332590080
fabric,3,benchmark,273.069357943,13.823192887999994,110.34,2332610560
fabric,3,benchmark,273.319499415,14.07333435999999,111.15,2332618752
fabric,3,benchmark,273.569795534,14.323630478999974,111.99,2332672000
fabric,3,benchmark,273.820008409,14.573843354000019,112.87,2332844032
fabric,3,benchmark,274.070360861,14.824195805999977,115.39,2332889088
fabric,3,benchmark,274.321396543,15.075231487999986,116.26,2332979200
fabric,3,benchmark,274.571753645,15.325588589999995,116.54,2332995584
fabric,3,benchmark,274.823437638,15.577272582999967,117.91,2339958784
fabric,3,benchmark,275.072924369,15.826759314000014,122.16,2475180032
fabric,3,benchmark,275.323025049,16.076859994000017,123.55,2475360256
fabric,3,benchmark,275.573303157,16.327138101999992,124.39,2478686208
fabric,3,benchmark,275.823747523,16.577582468000003,125.2,2479570944
fabric,3,benchmark,276.073693576,16.827528520999977,125.66,2484748288
fabric,3,benchmark,276.323810367,17.077645312000016,125.91,2484776960
fabric,3,benchmark,276.574740695,17.328575639999997,127.15,2504400896
fabric,3,benchmark,276.824558521,17.578393465999966,127.58,2504347648
fabric,3,benchmark,277.074952915,17.828787859999977,128.49,2504392704
fabric,3,benchmark,277.325275495,18.079110440000022,129.92,2504478720
fabric,3,benchmark,277.575577514,18.32941245899997,130.32,2504523776
fabric,3,benchmark,277.825791339,18.57962628399997,131.34,2504536064
fabric,3,benchmark,278.076232934,18.830067879000012,132.62,2510467072
fabric,3,benchmark,278.326345715,19.080180659999996,133.82,2511241216
fabric,3,benchmark,278.576526718,19.33036166300002,134.42,2511286272
fabric,3,benchmark,278.826850508,19.580685453,135.5,2511577088
fabric,3,benchmark,279.077116645,19.830951589999984,136.34,2511589376
fabric,3,benchmark,279.32753838,20.081373325000015,137.48,2511753216
fabric,3,benchmark,279.577757445,20.33159238999997,138.03,2511785984
fabric,3,benchmark,279.828935404,20.582770348999986,138.92,2511990784
fabric,3,benchmark,280.079096967,20.832931911999992,139.46,2512044032
fabric,3,benchmark,280.329406126,21.083241070999975,140.93,2512203776
fabric,3,benchmark,280.580120124,21.333955069000012,142.05,2512269312
fabric,3,benchmark,280.830391971,21.584226915999977,142.7,2512338944
fabric,3,benchmark,281.08266617,21.836501114999976,143.42,2512367616
fabric,3,benchmark,281.332692427,22.086527371999978,144.65,2512375808
fabric,3,benchmark,281.582943453,22.33677839799998,146.18,2512424960
fabric,3,benchmark,281.83341608,22.587251025,146.78,2512470016
fabric,3,benchmark,282.08353553,22.837370475,147.32,2512474112
fabric,3,benchmark,282.333950514,23.087785458999974,148.46,2512658432
fabric,3,benchmark,282.585113143,23.338948087999995,149.69,2516221952
fabric,3,benchmark,282.834332922,23.58816786699998,151.78,2516250624
fabric,3,benchmark,283.084639741,23.838474685999984,152.72,2516242432
fabric,3,benchmark,283.335029414,24.088864359000013,154.04,2517467136
fabric,3,benchmark,283.58485087,24.33868581500002,155.32,2517508096
fabric,3,benchmark,283.835903693,24.58973863799997,156.47,2517499904
fabric,3,benchmark,284.086191561,24.840026506000015,157.13,2517594112
fabric,3,benchmark,284.336396336,25.090231281,158.32,2517585920
fabric,3,benchmark,284.586581829,25.340416774000005,159.41,2517626880
fabric,3,benchmark,284.836757672,25.59059261699997,160.07,2517630976
fabric,3,benchmark,285.087290511,25.841125455999986,161.45,2517647360
fabric,3,benchmark,285.337433632,26.091268576999994,162.39,2517651456
fabric,3,benchmark,285.587868897,26.341703842000015,163.4,2517667840
fabric,3,benchmark,285.838171756,26.592006701000003,164.77,2517676032
fabric,3,benchmark,286.088354199,26.842189143999974,165.43,2517680128
fabric,3,benchmark,286.341899296,27.095734241000002,166.46,2517708800
fabric,3,benchmark,286.588985017,27.34281996200002,167.44,2517704704
fabric,3,benchmark,286.839458524,27.593293469000002,168.44,2517712896
fabric,3,benchmark,287.089780143,27.84361508799998,169.09,2517790720
fabric,3,benchmark,287.340137544,28.09397248900001,171.04,2524884992
fabric,3,benchmark,287.589976572,28.343811517000006,171.3,2524884992
fabric,3,benchmark,287.84048653,28.594321475000015,171.69,2524872704
fabric,3,benchmark,288.091093942,28.84492888699998,172.46,2524901376
fabric,3,benchmark,288.341316447,29.09515139199999,173.74,2524901376
fabric,3,benchmark,288.594272037,29.34810698199999,174.86,2524905472
fabric,3,benchmark,288.844614927,29.598449872000003,175.87,2524999680
fabric,3,benchmark,289.094850603,29.84868554799999,177.31,2524999680
fabric,3,benchmark,289.345080078,30.098915023000018,178.68,2525081600
fabric,3,benchmark,289.595571295,30.349406240000008,179.93,2525118464
fabric,3,benchmark,289.84580618,30.599641125000005,180.42,2525118464
fabric,3,benchmark,290.096106359,30.84994130399997,181.71,2525147136
fabric,3,benchmark,290.346519782,31.100354726999967,182.77,2525159424
fabric,3,benchmark,290.596682874,31.350517819000004,183.97,2525179904
fabric,3,benchmark,290.847129519,31.600964464000015,185.04,2525192192
fabric,3,benchmark,291.097447988,31.851282932999993,186.48,2525208576
fabric,3,benchmark,291.347765527,32.10160047199997,187.55,2525200384
fabric,3,benchmark,291.598182751,32.35201769600002,188.36,2525192192
fabric,3,benchmark,291.848462078,32.602297023000006,189.42,2525204480
fabric,3,benchmark,292.098676622,32.85251156700002,190.41,2525208576
fabric,3,benchmark,292.349453432,33.10328837700001,191.78,2525233152
fabric,3,benchmark,292.599392584,33.35322752899998,193.01,2525241344
fabric,3,benchmark,292.849723083,33.60355802800001,193.97,2525282304
fabric,3,benchmark,293.100350387,33.854185331999986,195.09,2525282304
fabric,3,benchmark,293.350445055,34.10428000000002,196.3,2525429760
fabric,3,benchmark,293.60241672,34.356251665,197.63,2525454336
fabric,3,benchmark,293.851851088,34.605686032999984,198.99,2525454336
fabric,3,benchmark,294.102584346,34.85641929100001,199.89,2525466624
fabric,3,benchmark,294.352103468,35.10593841299999,200.97,2525466624
fabric,3,benchmark,294.602651298,35.356486243000006,201.91,2528075776
fabric,3,benchmark,294.85282291,35.60665785499998,202.88,2528088064
fabric,3,benchmark,295.102592454,35.85642739899998,203.18,2528092160
fabric,3,benchmark,295.353440237,36.10727518199997,204.05,2528129024
fabric,3,benchmark,295.604913939,36.35874888400002,204.7,2528133120
fabric,3,benchmark,295.853845904,36.60768084900002,205.81,2528141312
fabric,3,benchmark,296.103862509,36.857697454000004,206.07,2528145408
fabric,3,benchmark,296.354346835,37.108181779999995,207.25,2528145408
fabric,3,benchmark,296.604373821,37.35820876600002,207.67,2528149504
fabric,3,benchmark,296.854783394,37.608618338999975,208.25,2528169984
fabric,3,benchmark,297.104866942,37.858701886999995,209.18,2528174080
fabric,3,benchmark,297.355262374,38.109097319,210.03,2528182272
fabric,3,benchmark,297.605565682,38.359400627000014,211.29,2528202752
fabric,3,benchmark,297.857131178,38.61096612299997,212,2528206848
fabric,3,benchmark,298.10579024,38.85962518499997,213.06,2528202752
fabric,3,benchmark,298.356317729,39.110152674000005,213.81,2528215040
fabric,3,benchmark,298.606380706,39.360215650999976,214.17,2528215040
fabric,3,benchmark,298.856690054,39.610524999000006,215.97,2528268288
fabric,3,benchmark,299.106975121,39.860810066,216.95,2528276480
fabric,3,benchmark,299.35708328,40.11091822499998,218.1,2528432128
fabric,3,benchmark,299.607228081,40.36106302600001,218.83,2528419840
fabric,3,benchmark,299.85756954,40.61140448499998,220.35,2528456704
fabric,3,benchmark,300.108106069,40.86194101399997,221.14,2528456704
fabric,3,benchmark,300.358463059,41.11229800399997,222.35,2528489472
fabric,3,benchmark,300.608710435,41.36254537999997,223.37,2528489472
fabric,3,benchmark,300.8591755,41.613010444999986,224.81,2528518144
fabric,3,benchmark,301.108989745,41.86282468999997,226.08,2528530432
fabric,3,benchmark,301.360029617,42.113864562,228.22,2532524032
fabric,3,benchmark,301.609833362,42.36366830700001,230.51,2532548608
fabric,3,benchmark,301.859970992,42.613805936999995,231.16,2532564992
fabric,3,benchmark,302.109928994,42.863763938999966,231.56,2532564992
fabric,3,benchmark,302.360487333,43.114322277999975,232.58,2532597760
fabric,3,benchmark,302.61184434,43.365679285,234.01,2533023744
fabric,3,benchmark,302.862120896,43.615955841000016,234.6,2533064704
fabric,3,benchmark,303.112370561,43.86620550599997,235.56,2543403008
fabric,3,benchmark,303.363403772,44.11723871700002,236.53,2543435776
fabric,3,benchmark,303.612816709,44.36665165400001,237.73,2543468544
fabric,3,benchmark,303.863086106,44.61692105100002,238.64,2543673344
fabric,3,benchmark,304.113218515,44.86705346000002,239.55,2543697920
fabric,3,benchmark,304.363577006,45.11741195100001,240.28,2543702016
fabric,3,benchmark,304.613873973,45.367708918000005,241.1,2543710208
fabric,3,benchmark,304.864178741,45.61801368599998,242.18,2543788032
fabric,3,benchmark,305.11429989,45.86813483499998,242.93,2543796224
fabric,3,benchmark,305.365454896,46.11928984100001,243.87,2543796224
fabric,3,benchmark,305.615191608,46.36902655299997,244.58,2543800320
fabric,3,benchmark,305.865535768,46.61937071299997,245.67,2543812608
fabric,3,benchmark,306.115719959,46.86955490399998,246.49,2543816704
fabric,3,benchmark,306.365790237,47.11962518199999,247.27,2543820800
fabric,3,benchmark,306.616176188,47.37001113299999,248.68,2543824896
fabric,3,benchmark,306.866442984,47.620277929,250.04,2561011712
fabric,3,benchmark,307.116357983,47.870192927999994,251.23,2561531904
fabric,3,benchmark,307.3664149,48.12024984499999,251.65,2561519616
fabric,3,benchmark,307.616830922,48.370665867000014,252.94,2562486272
fabric,3,benchmark,307.86779818,48.62163312500002,254.06,2562539520
fabric,3,benchmark,308.117952981,48.87178792599997,254.98,2562523136
fabric,3,benchmark,308.370166756,49.124001701,257.07,2612264960
fabric,3,benchmark,308.618705352,49.372540297,258.53,2641498112
fabric,3,benchmark,308.86902079,49.62285573499997,259.56,2641514496
fabric,3,benchmark,309.11981312,49.873648065,260.69,2644336640
fabric,3,benchmark,309.36994757,50.123782515000016,261.38,2644324352
fabric,3,benchmark,309.620190814,50.374025759000006,262.09,2644348928
fabric,3,benchmark,309.870477171,50.624312116,262.63,2644348928
fabric,3,benchmark,310.120693545,50.87452848999999,263.55,2644430848
fabric,3,benchmark,310.371114787,51.124949732000005,264.15,2644410368
fabric,3,benchmark,310.621421275,51.37525621999998,264.76,2644410368
fabric,3,benchmark,310.871717932,51.62555287700002,265.65,2644410368
fabric,3,benchmark,311.122169196,51.87600414100001,266.52,2644455424
fabric,3,benchmark,311.372369818,52.126204762999976,267.28,2644455424
fabric,3,benchmark,311.622701457,52.376536402,267.71,2644455424
fabric,3,benchmark,311.873118419,52.626953363999974,268.58,2644455424
fabric,3,benchmark,312.123396766,52.87723171099998,269.63,2644512768
fabric,3,benchmark,312.373743715,53.12757865999998,271.04,2651111424
fabric,3,benchmark,312.624282463,53.37811740799998,272.77,2651123712
fabric,3,benchmark,312.874341269,53.62817621400001,273.07,2651123712
fabric,3,benchmark,313.124855596,53.87869054099997,275.4,2671661056
fabric,3,benchmark,313.375181384,54.12901632899997,276.89,2671677440
fabric,3,benchmark,313.625955433,54.379790377999996,277.81,2671730688
fabric,3,benchmark,313.875659322,54.629494266999984,279.16,2671730688
fabric,3,benchmark,314.126117697,54.87995264199998,280.39,2674089984
fabric,3,benchmark,314.376457085,55.13029203000002,280.92,2674114560
fabric,3,benchmark,314.626876978,55.38071192299998,281.25,2674122752
fabric,3,benchmark,314.877528761,55.631363706,283.47,2674176000
fabric,3,benchmark,315.127113665,55.88094861000002,283.93,2674176000
fabric,3,benchmark,315.377962937,56.131797882,285.08,2674180096
fabric,3,benchmark,315.627893087,56.38172803200001,286.4,2674122752
fabric,3,benchmark,315.877977154,56.631812099,287.23,2674122752
fabric,3,benchmark,316.128054031,56.88188897599997,288.12,2674122752
fabric,3,benchmark,316.378557037,57.132391982,289.21,2674143232
fabric,3,benchmark,316.628782521,57.382617466,290.28,2674143232
fabric,3,benchmark,316.878903719,57.63273866399999,291.46,2674151424
fabric,3,benchmark,317.129168444,57.88300338900001,292.37,2477563904
fabric,3,benchmark,317.379530654,58.133365599,293.35,2477563904
fabric,3,benchmark,317.629759698,58.38359464299998,294.53,2477563904
fabric,3,benchmark,317.88018349,58.63401843499997,295.25,2477588480
fabric,3,benchmark,318.130488827,58.884323772000016,297.97,2477617152
fabric,3,benchmark,318.380594325,59.13442927,298.37,2477617152
fabric,3,benchmark,318.630824529,59.38465947399999,298.63,2477617152
fabric,3,benchmark,318.88123023,59.63506517500002,299.01,2477617152
fabric,3,benchmark,319.131941966,59.885776910999994,300.07,2477617152
fabric,3,benchmark,319.382335987,60.13617093199997,301.08,2477637632
fabric,3,benchmark,319.634558082,60.388393027000006,301.77,2477641728
fabric,3,benchmark,319.884988134,60.63882307900002,302.83,2477645824
fabric,3,benchmark,320.134868772,60.888703717,303.35,2477645824
fabric,3,benchmark,320.385378088,61.139213032999976,304.44,2477645824
fabric,3,benchmark,320.635769859,61.38960480399999,305.54,2477645824
fabric,3,benchmark,320.886020093,61.63985503800001,306.75,2477584384
fabric,3,benchmark,321.136284689,61.89011963399997,307.63,2477584384
fabric,3,benchmark,321.386733992,62.14056893700001,308.55,2477584384
fabric,3,benchmark,321.636939264,62.39077420899997,309.66,2477584384
fabric,3,benchmark,321.887284953,62.641119898,311.14,2477613056
fabric,3,benchmark,322.137482585,62.89131752999998,313.09,2477613056
fabric,3,benchmark,322.387430725,63.141265669999996,313.38,2477613056
fabric,3,benchmark,322.63877911,63.39261405499997,314.17,2477637632
fabric,3,benchmark,322.888429727,63.64226467200001,315.19,2477637632
fabric,3,benchmark,323.138628349,63.89246329399998,316.25,2477649920
fabric,3,benchmark,323.388776998,64.14261194300002,316.62,2477649920
fabric,3,benchmark,323.639266013,64.39310095799999,317.98,2464849920
fabric,3,benchmark,323.890731543,64.64456648800001,318.43,2464849920
fabric,3,benchmark,324.13993929,64.89377423499997,319.08,2464849920
fabric,3,benchmark,324.390299809,65.14413475399999,320.37,2464878592
fabric,3,benchmark,324.64069909,65.39453403499999,320.76,2464878592
fabric,3,benchmark,324.891023117,65.64485806199997,321.44,2465042432
fabric,3,benchmark,325.141282402,65.895117347,323.58,2465058816
fabric,3,benchmark,325.391213522,66.14504846699998,323.83,2465058816
fabric,3,benchmark,325.64155717,66.39539211499999,324.14,2465058816
fabric,3,benchmark,325.89237846,66.64621340499997,325.58,2465087488
fabric,3,benchmark,326.142447296,66.896282241,326.55,2281553920
fabric,3,benchmark,326.392675769,67.14651071399999,327.23,2281553920
fabric,3,benchmark,326.642917143,67.39675208799997,328.41,2281615360
fabric,3,benchmark,326.89322893,67.64706387500001,329.25,2281615360
fabric,3,benchmark,327.143417981,67.89725292600002,330.22,2281791488
fabric,3,benchmark,327.393880465,68.14771540999999,331.08,2281828352
fabric,3,benchmark,327.644141669,68.39797661400002,331.66,2282434560
fabric,3,benchmark,327.895505604,68.64934054899999,333.05,2282455040
fabric,3,benchmark,328.14600922,68.89984416499999,335.03,2282467328
fabric,3,benchmark,328.397521442,69.15135638700002,336.99,2282504192
fabric,3,benchmark,328.647253572,69.401088517,337.9,2282516480
fabric,3,benchmark,328.897250874,69.651085819,338.32,2282520576
fabric,3,benchmark,329.147766131,69.90160107600002,338.91,2282561536
fabric,3,benchmark,329.398241555,70.15207650000002,340.06,2282561536
fabric,3,benchmark,329.64829813,70.402133075,341.21,2282569728
fabric,3,benchmark,329.898616227,70.65245117199999,341.71,2282569728
fabric,3,benchmark,330.148873431,70.90270837600002,342.69,2282586112
fabric,3,benchmark,330.399088993,71.15292393800001,343.42,2282586112
fabric,3,benchmark,330.649456433,71.403291378,344.37,2282586112
fabric,3,benchmark,330.900089794,71.65392473899999,345.45,2321915904
fabric,3,benchmark,331.150356809,71.90419175400001,346.43,2321956864
fabric,3,benchmark,331.400588932,72.154423877,347.73,2335444992
fabric,3,benchmark,331.650756712,72.40459165699997,348.37,2335821824
fabric,3,benchmark,331.901210065,72.65504500999998,349.48,2337206272
fabric,3,benchmark,332.151422507,72.905257452,352.52,2413277184
fabric,3,benchmark,332.402270578,73.15610552300001,353.64,2417446912
fabric,3,benchmark,332.652567043,73.40640198799997,354.07,2417451008
fabric,3,benchmark,332.902974694,73.65680963900002,355.02,2417451008
fabric,3,benchmark,333.153240938,73.907075883,355.88,2417471488
fabric,3,benchmark,333.403486462,74.15732140699998,356.8,2417496064
fabric,3,benchmark,333.653866771,74.40770171600002,357.86,2422771712
fabric,3,benchmark,333.904122865,74.65795780999997,358.56,2422800384
fabric,3,benchmark,334.154445362,74.90828030699998,359.8,2422837248
fabric,3,benchmark,334.233567847,74.98740279200001,360.09,2422849536
fabric,3,startup,334.404643094,75.15847803899999,361.11,2433490944
fabric,3,startup,334.654583573,75.40841851800002,361.37,2433495040
fabric,3,startup,334.905286097,75.65912104199998,361.86,2438557696
fabric,3,startup,335.155468397,75.90930334199999,361.88,0
steel,3,benchmark,340.404137726,0,3.23,139112448
steel,3,benchmark,340.493892128,0.08975440200003959,5.33,258441216
steel,3,benchmark,340.759671592,0.35553386600003023,13.45,425660416
steel,3,benchmark,341.009521297,0.6053835710000044,21.09,565170176
steel,3,benchmark,341.260882051,0.8567443250000224,28.73,650715136
steel,3,benchmark,341.515237003,1.111099276999994,36.57,781557760
steel,3,benchmark,341.769486479,1.3653487530000348,44.21,914411520
steel,3,benchmark,342.018001963,1.6138642370000298,51.91,1040437248
steel,3,benchmark,342.283730536,1.8795928100000197,60.01,1150451712
steel,3,benchmark,342.536347567,2.1322098410000194,67.56,1276801024
steel,3,benchmark,342.787647699,2.3835099730000024,75.31,1332690944
steel,3,benchmark,343.039442333,2.6353046070000232,82.39,1484591104
steel,3,benchmark,343.297510614,2.8933728879999876,90.4,1562607616
steel,3,benchmark,343.569784626,3.165646900000013,98.82,1656619008
steel,3,benchmark,343.818569092,3.4144313660000307,106.29,1768345600
steel,3,benchmark,344.07022122,3.66608349400002,113.73,1834999808
steel,3,benchmark,344.322397931,3.918260205000024,121.43,1913257984
steel,3,benchmark,344.365239513,3.9611017870000182,122.58,1921110016
steel,3,startup,344.570906834,4.1667691080000395,122.82,1923829760
steel,3,startup,344.821004551,4.416866825,123.13,1924083712
steel,3,startup,345.071209622,4.667071896000039,123.43,1924161536
steel,3,startup,345.321552999,4.917415273000017,123.74,1921114112
steel,3,startup,345.571776001,5.167638275000002,124.04,1921212416
steel,3,startup,345.821949331,5.417811604999997,124.34,1921290240
steel,3,startup,346.072247336,5.668109609999988,124.64,1921384448
steel,3,startup,346.32250873,5.918371003999994,124.94,1921425408
steel,3,startup,346.572576404,6.1684386780000295,125.2,1922023424
steel,3,startup,346.823365822,6.41922809600004,125.2,1922023424
steel,3,startup,347.073601264,6.669463538000002,125.2,1922023424
steel,3,startup,347.324166991,6.920029265000039,125.2,1922023424
steel,3,startup,347.574197014,7.1700592880000045,125.25,0
fabric-c2me,3,startup,352.880905302,,0.7,126402560
fabric-c2me,3,startup,353.130928844,,1.49,199467008
fabric-c2me,3,startup,353.381287992,,2.5,420724736
fabric-c2me,3,startup,353.631675291,,4.14,530788352
fabric-c2me,3,startup,353.881990197,,5.25,544837632
fabric-c2me,3,startup,354.132347914,,6.36,565145600
fabric-c2me,3,startup,354.382943313,,7.74,607662080
fabric-c2me,3,startup,354.633203746,,9.46,740855808
fabric-c2me,3,startup,354.883345204,,10.34,762085376
fabric-c2me,3,startup,355.133764834,,11.32,803213312
fabric-c2me,3,startup,355.384020547,,12.34,812916736
fabric-c2me,3,startup,355.633961666,,12.94,922230784
fabric-c2me,3,startup,355.885739258,,15.16,991043584
fabric-c2me,3,startup,356.134739834,,17.44,1005850624
fabric-c2me,3,startup,356.385091051,,18.92,1020211200
fabric-c2me,3,startup,356.635593425,,20.06,1035239424
fabric-c2me,3,startup,356.889710325,,23.73,1002811392
fabric-c2me,3,startup,357.138068201,,27.56,1015308288
fabric-c2me,3,startup,357.388152635,,30.42,1019699200
fabric-c2me,3,startup,357.638495572,,33.85,1021460480
fabric-c2me,3,benchmark,357.816650453,0,34.82,1031524352
fabric-c2me,3,benchmark,357.889268319,0.07261786599997322,36.13,1033904128
fabric-c2me,3,benchmark,358.139859907,0.32320945399999346,40.86,1050005504
fabric-c2me,3,benchmark,358.390263886,0.5736134329999913,46.61,1209712640
fabric-c2me,3,benchmark,358.64009755,0.8234470969999848,51.82,1215647744
fabric-c2me,3,benchmark,358.890756691,1.0741062379999562,57.53,1219870720
fabric-c2me,3,benchmark,359.141200442,1.3245499889999905,62.26,1730285568
fabric-c2me,3,benchmark,359.391499376,1.5748489229999905,66.77,1661984768
fabric-c2me,3,benchmark,359.642136336,1.825485882999999,71.49,1662861312
fabric-c2me,3,benchmark,359.892023562,2.0753731089999974,76.1,2446307328
fabric-c2me,3,benchmark,360.146061228,2.3294107749999853,80.39,1861242880
fabric-c2me,3,benchmark,360.393694231,2.577043777999961,84.64,1867288576
fabric-c2me,3,benchmark,360.644556331,2.8279058779999673,88.48,2382860288
fabric-c2me,3,benchmark,360.895057075,3.0784066219999886,92.3,2666676224
fabric-c2me,3,benchmark,361.145777819,3.329127365999966,95.88,1890516992
fabric-c2me,3,benchmark,361.396086134,3.57943568099995,99.45,2114265088
fabric-c2me,3,benchmark,361.646610979,3.8299605259999794,104.13,3021230080
fabric-c2me,3,benchmark,361.896951665,4.080301211999995,107.89,3022114816
fabric-c2me,3,benchmark,362.147600256,4.330949802999953,112.46,3030798336
fabric-c2me,3,benchmark,362.397860169,4.581209715999989,116.61,2247008256
fabric-c2me,3,benchmark,362.648358402,4.831707948999963,120.23,2345283584
fabric-c2me,3,benchmark,362.898539491,5.081889037999986,121.12,2352484352
fabric-c2me,3,benchmark,363.148696739,5.332046285999979,121.85,2352410624
fabric-c2me,3,benchmark,363.399315948,5.582665494999958,125.44,2352533504
fabric-c2me,3,benchmark,363.64976437,5.8331139169999915,129.15,2353917952
fabric-c2me,3,benchmark,363.900554127,6.083903673999998,133.3,2354577408
fabric-c2me,3,benchmark,364.151343744,6.334693290999951,136.89,2855944192
fabric-c2me,3,benchmark,364.401980393,6.585329939999951,140.14,3266228224
fabric-c2me,3,benchmark,364.652749699,6.836099246000003,143.62,3266764800
fabric-c2me,3,benchmark,364.902656346,7.086005892999992,146.97,2398371840
fabric-c2me,3,benchmark,365.153880033,7.337229579999985,150.61,2398519296
fabric-c2me,3,benchmark,365.404135615,7.58748516199995,152.36,2313203712
fabric-c2me,3,benchmark,365.654174728,7.837524274999964,155,2835058688
fabric-c2me,3,benchmark,365.90443352,8.087783066999975,157.49,3115962368
fabric-c2me,3,benchmark,366.154916033,8.338265579999984,161,3117334528
fabric-c2me,3,benchmark,366.405321542,8.588671089000002,164.77,2844811264
fabric-c2me,3,benchmark,366.655990964,8.839340510999989,168.42,2058883072
fabric-c2me,3,benchmark,366.907691422,9.091040969000005,171.83,2061205504
fabric-c2me,3,benchmark,367.156873915,9.340223461999983,175.2,1990877184
fabric-c2me,3,benchmark,367.407473343,9.59082288999997,178.33,1991045120
fabric-c2me,3,benchmark,367.658402767,9.841752313999962,182.34,2064150528
fabric-c2me,3,benchmark,367.908829747,10.092179294000005,185.89,2006462464
fabric-c2me,3,benchmark,368.159529989,10.342879535999998,189.94,2007154688
fabric-c2me,3,benchmark,368.409871976,10.593221522999954,193.79,2158817280
fabric-c2me,3,benchmark,368.660321097,10.843670643999985,197.23,2021728256
fabric-c2me,3,benchmark,368.910366749,11.093716295999968,200.42,2021838848
fabric-c2me,3,benchmark,369.16079391,11.344143456999973,203.71,2245775360
fabric-c2me,3,benchmark,369.411896711,11.595246257999975,207.15,2095312896
fabric-c2me,3,benchmark,369.661450511,11.844800057999976,210.46,2095513600
fabric-c2me,3,benchmark,369.911807147,12.095156693999968,213.51,2243670016
fabric-c2me,3,benchmark,370.162306461,12.345656007999992,217.1,2053771264
fabric-c2me,3,benchmark,370.413092927,12.596442473999957,220.97,2054139904
fabric-c2me,3,benchmark,370.664562425,12.847911971999963,224.55,2260652032
fabric-c2me,3,benchmark,370.914754544,13.098104090999982,227.9,2237997056
fabric-c2me,3,benchmark,371.166408681,13.349758227999985,231.53,2238160896
fabric-c2me,3,benchmark,371.416001282,13.599350829000002,234.88,2238967808
fabric-c2me,3,benchmark,371.665964741,13.84931428799996,238.5,2225242112
fabric-c2me,3,benchmark,371.916225543,14.099575089999973,242.05,2028183552
fabric-c2me,3,benchmark,372.166666534,14.350016080999978,245.02,2028335104
fabric-c2me,3,benchmark,372.417129866,14.60047941299996,248.72,2207895552
fabric-c2me,3,benchmark,372.667780026,14.85112957299998,252.23,2088411136
fabric-c2me,3,benchmark,372.918340292,15.10168983899996,255.67,2137747456
fabric-c2me,3,benchmark,373.1682996,15.35164914699999,259.23,2019926016
fabric-c2me,3,benchmark,373.419316337,15.602665883999975,262.78,2020036608
fabric-c2me,3,benchmark,373.670487511,15.853837057999954,265.29,2097938432
fabric-c2me,3,benchmark,373.920972034,16.104321580999965,268.57,1990426624
fabric-c2me,3,benchmark,374.171852004,16.355201550999993,272.12,1977839616
fabric-c2me,3,benchmark,374.422093396,16.605442942999957,275.48,2068762624
fabric-c2me,3,benchmark,374.672527316,16.85587686299999,277.73,1978109952
fabric-c2me,3,benchmark,374.922577918,17.10592746499998,281.19,1965428736
fabric-c2me,3,benchmark,375.172934815,17.356284361999997,284.88,2414604288
fabric-c2me,3,benchmark,375.423163706,17.606513253000003,287.15,2640527360
fabric-c2me,3,benchmark,375.673455969,17.85680551599995,290.58,2640887808
fabric-c2me,3,benchmark,375.923530713,18.10688025999997,293.62,2641002496
fabric-c2me,3,benchmark,376.17411286,18.357462406999957,296.86,3211550720
fabric-c2me,3,benchmark,376.42454119,18.60789073699999,300.36,3213348864
fabric-c2me,3,benchmark,376.674695577,18.858045124,303.78,3213475840
fabric-c2me,3,benchmark,376.924897196,19.108246742999995,307.18,3229720576
fabric-c2me,3,benchmark,377.175721984,19.359071530999984,310.68,3597156352
fabric-c2me,3,benchmark,377.409346104,19.592695650999985,313.53,3598749696
fabric-c2me,3,startup,377.42671007,19.61005961699999,313.84,3598905344
fabric-c2me,3,startup,377.675263993,19.858613539999965,314.56,3594780672
fabric-c2me,3,startup,377.925391749,20.108741296000005,314.64,0
